-- phpMyAdmin SQL Dump
-- version 5.2.1
-- https://www.phpmyadmin.net/
--
-- Host: 127.0.0.1
-- Generation Time: Mar 12, 2026 at 04:56 PM
-- Server version: 10.4.32-MariaDB
-- PHP Version: 8.2.12

SET SQL_MODE = "NO_AUTO_VALUE_ON_ZERO";
START TRANSACTION;
SET time_zone = "+00:00";


/*!40101 SET @OLD_CHARACTER_SET_CLIENT=@@CHARACTER_SET_CLIENT */;
/*!40101 SET @OLD_CHARACTER_SET_RESULTS=@@CHARACTER_SET_RESULTS */;
/*!40101 SET @OLD_COLLATION_CONNECTION=@@COLLATION_CONNECTION */;
/*!40101 SET NAMES utf8mb4 */;

--
-- Database: `funfair_erp`
--

-- --------------------------------------------------------

--
-- Table structure for table `activity_logs`
--

CREATE TABLE `activity_logs` (
  `id` int(11) NOT NULL,
  `user_id` int(11) NOT NULL,
  `action` varchar(255) NOT NULL,
  `details` text DEFAULT NULL,
  `created_at` timestamp NOT NULL DEFAULT current_timestamp()
) ENGINE=InnoDB DEFAULT CHARSET=utf8mb4 COLLATE=utf8mb4_general_ci;

--
-- Dumping data for table `activity_logs`
--

INSERT INTO `activity_logs` (`id`, `user_id`, `action`, `details`, `created_at`) VALUES
(1, 1, 'Expense Added', 'Recorded Rs. 15000 for Utilities (Electricity/Water)', '2026-03-03 15:26:02');

-- --------------------------------------------------------

--
-- Table structure for table `admission_logs`
--

CREATE TABLE `admission_logs` (
  `id` int(11) NOT NULL,
  `ticket_id` int(11) NOT NULL,
  `operator_id` int(11) NOT NULL,
  `entry_time` timestamp NOT NULL DEFAULT current_timestamp()
) ENGINE=InnoDB DEFAULT CHARSET=utf8mb4 COLLATE=utf8mb4_general_ci;

--
-- Dumping data for table `admission_logs`
--

INSERT INTO `admission_logs` (`id`, `ticket_id`, `operator_id`, `entry_time`) VALUES
(1, 2, 1, '2026-03-03 14:50:02'),
(2, 3, 1, '2026-03-03 14:50:06'),
(3, 4, 1, '2026-03-03 14:50:10'),
(4, 5, 1, '2026-03-03 14:50:14'),
(5, 6, 1, '2026-03-03 14:50:18'),
(6, 7, 1, '2026-03-03 14:50:22'),
(7, 8, 1, '2026-03-03 14:50:25'),
(8, 9, 1, '2026-03-03 14:50:29'),
(9, 10, 1, '2026-03-03 14:50:32'),
(10, 11, 1, '2026-03-03 14:50:36'),
(11, 12, 1, '2026-03-03 14:50:45'),
(12, 14, 1, '2026-03-03 14:50:50'),
(13, 13, 1, '2026-03-03 14:50:55'),
(14, 15, 1, '2026-03-03 15:18:13'),
(15, 16, 1, '2026-03-03 15:20:49'),
(16, 17, 1, '2026-03-03 15:20:56'),
(17, 18, 1, '2026-03-03 15:21:00'),
(18, 19, 1, '2026-03-03 15:21:04'),
(19, 20, 1, '2026-03-03 15:21:10'),
(20, 21, 1, '2026-03-03 15:21:17'),
(21, 22, 1, '2026-03-03 15:21:22'),
(22, 23, 1, '2026-03-03 15:21:25'),
(23, 24, 1, '2026-03-03 15:21:29'),
(24, 25, 1, '2026-03-03 15:21:34'),
(25, 26, 1, '2026-03-03 15:21:42'),
(26, 27, 1, '2026-03-03 15:21:45'),
(27, 28, 1, '2026-03-03 15:21:50'),
(28, 29, 1, '2026-03-03 15:21:54'),
(29, 30, 1, '2026-03-03 15:21:59'),
(30, 31, 1, '2026-03-03 15:22:09'),
(31, 32, 1, '2026-03-03 15:22:17'),
(32, 33, 1, '2026-03-03 15:22:21'),
(33, 34, 1, '2026-03-03 15:22:30'),
(34, 35, 1, '2026-03-03 15:22:33'),
(35, 1, 1, '2026-03-03 15:23:39'),
(36, 37, 1, '2026-03-03 15:57:17'),
(37, 38, 1, '2026-03-03 15:57:18'),
(38, 39, 1, '2026-03-03 15:57:19'),
(39, 40, 1, '2026-03-03 15:57:20'),
(40, 41, 1, '2026-03-03 15:57:21'),
(41, 42, 1, '2026-03-03 15:57:23'),
(42, 43, 1, '2026-03-03 15:57:41'),
(43, 44, 1, '2026-03-03 15:57:42'),
(44, 45, 1, '2026-03-03 15:57:43'),
(45, 46, 1, '2026-03-03 15:57:44'),
(46, 36, 1, '2026-03-03 15:57:45');

-- --------------------------------------------------------

--
-- Table structure for table `employees`
--

CREATE TABLE `employees` (
  `id` int(11) NOT NULL,
  `user_id` int(11) DEFAULT NULL,
  `first_name` varchar(100) NOT NULL,
  `last_name` varchar(100) NOT NULL,
  `email` varchar(100) DEFAULT NULL,
  `phone` varchar(20) DEFAULT NULL,
  `address` text DEFAULT NULL,
  `department` varchar(100) NOT NULL,
  `designation` varchar(100) NOT NULL,
  `date_of_joining` date NOT NULL,
  `base_salary` decimal(10,2) DEFAULT 0.00,
  `status` enum('active','inactive','on_leave','terminated') DEFAULT 'active',
  `default_shift_start` time DEFAULT NULL,
  `default_shift_end` time DEFAULT NULL,
  `created_at` timestamp NOT NULL DEFAULT current_timestamp(),
  `updated_at` timestamp NOT NULL DEFAULT current_timestamp() ON UPDATE current_timestamp()
) ENGINE=InnoDB DEFAULT CHARSET=utf8mb4 COLLATE=utf8mb4_general_ci;

--
-- Dumping data for table `employees`
--

INSERT INTO `employees` (`id`, `user_id`, `first_name`, `last_name`, `email`, `phone`, `address`, `department`, `designation`, `date_of_joining`, `base_salary`, `status`, `default_shift_start`, `default_shift_end`, `created_at`, `updated_at`) VALUES
(1, 1, 'SAMI', 'ULLAH', NULL, NULL, NULL, 'Administration', 'Super Admin', '2026-03-02', 150000.00, 'active', '14:00:00', '00:00:00', '2026-03-02 16:52:50', '2026-03-07 12:30:14'),
(2, NULL, 'Muhammad', 'Ali', NULL, NULL, NULL, 'Administration', 'Admin', '2026-03-03', 150000.00, 'active', '14:00:00', '00:00:00', '2026-03-03 12:08:56', '2026-03-07 12:30:14'),
(3, NULL, 'Umar', 'Farooq', NULL, NULL, NULL, 'Operations', 'Event Manager', '2026-03-03', 120000.00, 'active', '14:00:00', '00:00:00', '2026-03-03 12:08:56', '2026-03-07 12:30:14'),
(4, NULL, 'Usman', 'Ghani', NULL, NULL, NULL, 'Sales & Ticketing', 'Cashier', '2026-03-03', 60000.00, 'active', '14:00:00', '00:00:00', '2026-03-03 12:08:56', '2026-03-07 12:30:14'),
(5, NULL, 'Abu Bakr', 'Siddique', NULL, NULL, NULL, 'Security', 'Guard', '2026-03-03', 45000.00, 'active', '14:00:00', '00:00:00', '2026-03-03 12:08:56', '2026-03-07 12:30:14'),
(6, NULL, 'Hasan', 'Raza', NULL, NULL, NULL, 'Security', 'Guard', '2026-03-03', 45000.00, 'active', '14:00:00', '00:00:00', '2026-03-03 12:08:56', '2026-03-07 12:30:14'),
(7, NULL, 'Husain', 'Ahmed', NULL, NULL, NULL, 'Operations', 'Gate Operator', '2026-03-03', 50000.00, 'active', '14:00:00', '00:00:00', '2026-03-03 12:08:56', '2026-03-07 12:30:14'),
(8, NULL, 'Bilal', 'Ahmed', NULL, NULL, NULL, 'Operations', 'Gate Operator', '2026-03-03', 50000.00, 'active', '14:00:00', '00:00:00', '2026-03-03 12:08:56', '2026-03-07 12:30:14'),
(9, NULL, 'Hamza', 'Khan', NULL, NULL, NULL, 'Operations', 'Ride Operator', '2026-03-03', 55000.00, 'active', '14:00:00', '00:00:00', '2026-03-03 12:08:56', '2026-03-07 12:30:14'),
(10, NULL, 'Zaid', 'Ali', NULL, NULL, NULL, 'Operations', 'Ride Operator', '2026-03-03', 55000.00, 'active', '14:00:00', '00:00:00', '2026-03-03 12:08:56', '2026-03-07 12:30:14'),
(11, NULL, 'Tariq', 'Jameel', NULL, NULL, NULL, 'Operations', 'Ride Operator', '2026-03-03', 55000.00, 'active', '14:00:00', '00:00:00', '2026-03-03 12:08:56', '2026-03-07 12:30:14'),
(12, NULL, 'Khalid', 'Mahmood', NULL, NULL, NULL, 'Operations', 'Ride Operator', '2026-03-03', 55000.00, 'active', '14:00:00', '00:00:00', '2026-03-03 12:08:56', '2026-03-07 12:30:14'),
(13, NULL, 'Saad', 'Hassan', NULL, NULL, NULL, 'Operations', 'Ride Operator', '2026-03-03', 55000.00, 'active', '14:00:00', '00:00:00', '2026-03-03 12:08:56', '2026-03-07 12:30:14'),
(14, NULL, 'Zubair', 'Khan', NULL, NULL, NULL, 'Operations', 'Ride Operator', '2026-03-03', 55000.00, 'active', '14:00:00', '00:00:00', '2026-03-03 12:08:56', '2026-03-07 12:30:14'),
(15, NULL, 'Talha', 'Mehmood', NULL, NULL, NULL, 'Operations', 'Ride Operator', '2026-03-03', 55000.00, 'active', '14:00:00', '00:00:00', '2026-03-03 12:08:56', '2026-03-07 12:30:14'),
(16, NULL, 'Abdur', 'Rehman', NULL, NULL, NULL, 'Operations', 'Ride Operator', '2026-03-03', 55000.00, 'active', '14:00:00', '00:00:00', '2026-03-03 12:08:56', '2026-03-07 12:30:14'),
(17, 4, 'Abdullah', 'Shafiq', NULL, NULL, NULL, 'Operations', 'Ride Operator', '2026-03-03', 55000.00, 'active', '14:00:00', '00:00:00', '2026-03-03 12:08:57', '2026-03-07 12:30:14'),
(18, NULL, 'Ahmad', 'Raza', NULL, NULL, NULL, 'Operations', 'Ride Operator', '2026-03-03', 55000.00, 'active', '14:00:00', '00:00:00', '2026-03-03 12:08:57', '2026-03-07 12:30:14'),
(19, NULL, 'Zain', 'Ul Abideen', NULL, NULL, NULL, 'Operations', 'Ride Operator', '2026-03-03', 55000.00, 'active', '14:00:00', '00:00:00', '2026-03-03 12:08:57', '2026-03-07 12:30:14'),
(20, NULL, 'Haris', 'Kamran', NULL, NULL, NULL, 'Operations', 'Ride Operator', '2026-03-03', 55000.00, 'active', '14:00:00', '00:00:00', '2026-03-03 12:08:57', '2026-03-07 12:30:14');

-- --------------------------------------------------------

--
-- Table structure for table `employee_attendance_logs`
--

CREATE TABLE `employee_attendance_logs` (
  `id` int(11) NOT NULL,
  `shift_id` int(11) NOT NULL,
  `employee_id` int(11) NOT NULL,
  `action_type` enum('check_in','check_out') NOT NULL,
  `action_time` timestamp NOT NULL DEFAULT current_timestamp()
) ENGINE=InnoDB DEFAULT CHARSET=utf8mb4 COLLATE=utf8mb4_general_ci;

--
-- Dumping data for table `employee_attendance_logs`
--

INSERT INTO `employee_attendance_logs` (`id`, `shift_id`, `employee_id`, `action_type`, `action_time`) VALUES
(1, 21, 20, 'check_in', '2026-03-03 12:26:03'),
(2, 13, 12, 'check_in', '2026-03-03 12:26:05'),
(3, 14, 13, 'check_in', '2026-03-03 12:26:07'),
(4, 15, 14, 'check_in', '2026-03-03 12:26:09'),
(5, 16, 15, 'check_in', '2026-03-03 12:26:10'),
(6, 17, 16, 'check_in', '2026-03-03 12:26:13'),
(7, 18, 17, 'check_in', '2026-03-03 12:26:14'),
(8, 19, 18, 'check_in', '2026-03-03 12:26:16'),
(9, 20, 19, 'check_in', '2026-03-03 12:26:19'),
(10, 12, 11, 'check_in', '2026-03-03 12:26:20'),
(11, 11, 10, 'check_in', '2026-03-03 12:26:30'),
(12, 10, 9, 'check_in', '2026-03-03 12:26:31'),
(13, 3, 2, 'check_in', '2026-03-03 12:26:34'),
(14, 4, 3, 'check_in', '2026-03-03 12:26:38'),
(15, 5, 4, 'check_in', '2026-03-03 12:26:40'),
(16, 6, 5, 'check_in', '2026-03-03 12:26:42'),
(17, 7, 6, 'check_in', '2026-03-03 12:26:46'),
(18, 8, 7, 'check_in', '2026-03-03 12:26:49'),
(19, 9, 8, 'check_in', '2026-03-03 12:26:50'),
(20, 2, 1, 'check_in', '2026-03-03 12:46:49'),
(21, 2, 1, 'check_out', '2026-03-03 12:47:02'),
(22, 2, 1, 'check_in', '2026-03-03 12:47:07'),
(23, 2, 1, 'check_out', '2026-03-03 14:14:23'),
(24, 2, 1, 'check_in', '2026-03-03 14:14:25'),
(25, 21, 20, 'check_out', '2026-03-03 15:36:08'),
(26, 21, 20, 'check_in', '2026-03-03 15:36:10'),
(27, 13, 12, 'check_out', '2026-03-03 15:36:31'),
(28, 13, 12, 'check_in', '2026-03-03 15:36:33'),
(29, 21, 20, 'check_out', '2026-03-03 15:36:36'),
(30, 21, 20, 'check_in', '2026-03-03 15:36:38'),
(31, 21, 20, 'check_out', '2026-03-03 15:44:23'),
(32, 21, 20, 'check_in', '2026-03-03 15:44:25'),
(33, 2, 1, 'check_out', '2026-03-03 16:40:34'),
(34, 3, 2, 'check_out', '2026-03-03 16:40:34'),
(35, 4, 3, 'check_out', '2026-03-03 16:40:34'),
(36, 5, 4, 'check_out', '2026-03-03 16:40:34'),
(37, 6, 5, 'check_out', '2026-03-03 16:40:34'),
(38, 7, 6, 'check_out', '2026-03-03 16:40:35'),
(39, 8, 7, 'check_out', '2026-03-03 16:40:35'),
(40, 9, 8, 'check_out', '2026-03-03 16:40:35'),
(41, 10, 9, 'check_out', '2026-03-03 16:40:35'),
(42, 11, 10, 'check_out', '2026-03-03 16:40:35'),
(43, 12, 11, 'check_out', '2026-03-03 16:40:35'),
(44, 13, 12, 'check_out', '2026-03-03 16:40:35'),
(45, 14, 13, 'check_out', '2026-03-03 16:40:35'),
(46, 15, 14, 'check_out', '2026-03-03 16:40:35'),
(47, 16, 15, 'check_out', '2026-03-03 16:40:35'),
(48, 17, 16, 'check_out', '2026-03-03 16:40:35'),
(49, 18, 17, 'check_out', '2026-03-03 16:40:35'),
(50, 19, 18, 'check_out', '2026-03-03 16:40:35'),
(51, 20, 19, 'check_out', '2026-03-03 16:40:36'),
(52, 21, 20, 'check_out', '2026-03-03 16:40:36'),
(53, 21, 20, 'check_in', '2026-03-03 16:40:55'),
(54, 21, 20, 'check_out', '2026-03-03 16:41:06'),
(55, 2, 1, 'check_in', '2026-03-03 17:13:05'),
(56, 2, 1, 'check_out', '2026-03-03 17:13:06'),
(57, 2, 1, 'check_in', '2026-03-03 17:25:34'),
(58, 2, 1, 'check_out', '2026-03-03 17:25:37'),
(59, 18, 17, 'check_in', '2026-03-03 17:25:56'),
(60, 18, 17, 'check_out', '2026-03-03 17:25:58'),
(61, 17, 16, 'check_in', '2026-03-03 17:26:05'),
(62, 17, 16, 'check_out', '2026-03-03 17:26:06'),
(63, 19, 18, 'check_in', '2026-03-03 17:26:11'),
(64, 19, 18, 'check_out', '2026-03-03 17:26:14'),
(65, 20, 19, 'check_in', '2026-03-03 17:26:15'),
(66, 20, 19, 'check_out', '2026-03-03 17:26:17'),
(67, 12, 11, 'check_in', '2026-03-03 17:26:20'),
(68, 12, 11, 'check_out', '2026-03-03 17:26:54'),
(69, 2, 1, 'check_in', '2026-03-03 17:34:44'),
(70, 2, 1, 'check_out', '2026-03-03 17:34:45'),
(71, 42, 1, 'check_in', '2026-03-05 15:04:12'),
(72, 42, 1, 'check_out', '2026-03-05 15:04:47'),
(73, 60, 19, 'check_in', '2026-03-05 15:04:51'),
(74, 44, 3, 'check_in', '2026-03-05 15:04:54'),
(75, 48, 7, 'check_in', '2026-03-05 15:04:55'),
(76, 52, 11, 'check_in', '2026-03-05 15:04:57'),
(77, 56, 15, 'check_in', '2026-03-05 15:04:59'),
(78, 59, 18, 'check_in', '2026-03-05 15:05:01'),
(79, 43, 2, 'check_in', '2026-03-05 15:05:02'),
(80, 47, 6, 'check_in', '2026-03-05 15:05:04'),
(81, 51, 10, 'check_in', '2026-03-05 15:05:05'),
(82, 36, 15, 'check_in', '2026-03-05 15:05:58'),
(83, 18, 17, 'check_in', '2026-03-05 15:05:59'),
(84, 18, 17, 'check_out', '2026-03-05 15:06:01'),
(85, 32, 11, 'check_in', '2026-03-05 15:06:06'),
(86, 28, 7, 'check_in', '2026-03-05 15:06:09'),
(87, 24, 3, 'check_in', '2026-03-05 15:06:12'),
(88, 40, 19, 'check_in', '2026-03-05 15:06:14'),
(89, 33, 12, 'check_in', '2026-03-05 15:06:21'),
(90, 29, 8, 'check_in', '2026-03-05 15:06:23'),
(91, 25, 4, 'check_in', '2026-03-05 15:06:28'),
(92, 41, 20, 'check_in', '2026-03-05 15:06:29'),
(93, 37, 16, 'check_in', '2026-03-05 15:06:31'),
(94, 34, 13, 'check_in', '2026-03-05 15:06:33'),
(95, 30, 9, 'check_in', '2026-03-05 15:06:35'),
(96, 26, 5, 'check_in', '2026-03-05 15:06:36'),
(97, 38, 17, 'check_in', '2026-03-05 15:06:40'),
(98, 35, 14, 'check_in', '2026-03-05 15:06:41'),
(99, 31, 10, 'check_in', '2026-03-05 15:06:42'),
(100, 27, 6, 'check_in', '2026-03-05 15:06:49'),
(101, 23, 2, 'check_in', '2026-03-05 15:06:50'),
(102, 39, 18, 'check_in', '2026-03-05 15:06:51'),
(103, 22, 1, 'check_in', '2026-03-05 15:06:53'),
(104, 53, 12, 'check_in', '2026-03-05 15:06:54'),
(105, 49, 8, 'check_in', '2026-03-05 15:06:56'),
(106, 45, 4, 'check_in', '2026-03-05 15:07:01'),
(107, 61, 20, 'check_in', '2026-03-05 15:07:03'),
(108, 57, 16, 'check_in', '2026-03-05 15:07:04'),
(109, 54, 13, 'check_in', '2026-03-05 15:07:06'),
(110, 50, 9, 'check_in', '2026-03-05 15:07:10'),
(111, 46, 5, 'check_in', '2026-03-05 15:07:11'),
(112, 58, 17, 'check_in', '2026-03-05 15:07:12'),
(113, 55, 14, 'check_in', '2026-03-05 15:07:15'),
(114, 42, 1, 'check_in', '2026-03-05 15:08:23'),
(115, 42, 1, 'check_out', '2026-03-05 15:11:31'),
(116, 42, 1, 'check_in', '2026-03-05 15:11:33'),
(117, 78, 17, 'check_in', '2026-03-06 10:24:24'),
(118, 77, 16, 'check_in', '2026-03-06 10:24:26'),
(119, 66, 5, 'check_in', '2026-03-06 10:24:28'),
(120, 79, 18, 'check_in', '2026-03-06 10:24:32'),
(121, 69, 8, 'check_in', '2026-03-06 10:24:33'),
(122, 70, 9, 'check_in', '2026-03-06 10:24:34'),
(123, 81, 20, 'check_in', '2026-03-06 10:24:37'),
(124, 67, 6, 'check_in', '2026-03-06 10:24:38'),
(125, 68, 7, 'check_in', '2026-03-06 10:24:40'),
(126, 73, 12, 'check_in', '2026-03-06 10:24:44'),
(127, 75, 14, 'check_in', '2026-03-06 10:24:47'),
(128, 80, 19, 'check_in', '2026-03-06 10:24:49'),
(129, 71, 10, 'check_in', '2026-03-06 10:24:50'),
(130, 65, 4, 'check_in', '2026-03-06 10:24:53'),
(131, 72, 11, 'check_in', '2026-03-06 10:24:56'),
(132, 76, 15, 'check_in', '2026-03-06 10:24:58'),
(133, 64, 3, 'check_in', '2026-03-06 10:25:00'),
(134, 62, 1, 'check_in', '2026-03-06 10:25:03'),
(135, 74, 13, 'check_in', '2026-03-06 10:25:07'),
(136, 63, 2, 'check_in', '2026-03-06 10:25:09'),
(137, 62, 1, 'check_out', '2026-03-06 10:25:25'),
(138, 62, 1, 'check_in', '2026-03-06 10:26:48'),
(139, 62, 1, 'check_out', '2026-03-06 10:31:12'),
(140, 62, 1, 'check_in', '2026-03-06 10:33:38'),
(141, 62, 1, 'check_out', '2026-03-06 10:33:44'),
(142, 62, 1, 'check_in', '2026-03-06 10:33:53'),
(143, 98, 17, 'check_in', '2026-03-07 12:20:11'),
(144, 97, 16, 'check_in', '2026-03-07 12:20:12'),
(145, 86, 5, 'check_in', '2026-03-07 12:20:14'),
(146, 99, 18, 'check_in', '2026-03-07 12:20:17'),
(147, 89, 8, 'check_in', '2026-03-07 12:20:20'),
(148, 90, 9, 'check_in', '2026-03-07 12:20:21'),
(149, 101, 20, 'check_in', '2026-03-07 12:20:22'),
(150, 87, 6, 'check_in', '2026-03-07 12:20:23'),
(151, 88, 7, 'check_in', '2026-03-07 12:20:27'),
(152, 93, 12, 'check_in', '2026-03-07 12:20:28'),
(153, 95, 14, 'check_in', '2026-03-07 12:20:31'),
(154, 100, 19, 'check_in', '2026-03-07 12:20:33'),
(155, 91, 10, 'check_in', '2026-03-07 12:20:35'),
(156, 85, 4, 'check_in', '2026-03-07 12:20:36'),
(157, 84, 3, 'check_in', '2026-03-07 12:20:38'),
(158, 92, 11, 'check_in', '2026-03-07 12:20:42'),
(159, 96, 15, 'check_in', '2026-03-07 12:20:43'),
(160, 82, 1, 'check_in', '2026-03-07 12:20:46'),
(161, 94, 13, 'check_in', '2026-03-07 12:20:48'),
(162, 83, 2, 'check_in', '2026-03-07 12:20:49'),
(163, 82, 1, 'check_out', '2026-03-07 12:20:57'),
(164, 82, 1, 'check_in', '2026-03-07 12:21:35'),
(165, 82, 1, 'check_out', '2026-03-07 12:22:04'),
(166, 82, 1, 'check_in', '2026-03-07 12:25:47'),
(167, 82, 1, 'check_out', '2026-03-07 12:31:36'),
(168, 83, 2, 'check_out', '2026-03-07 12:31:36'),
(169, 84, 3, 'check_out', '2026-03-07 12:31:37'),
(170, 85, 4, 'check_out', '2026-03-07 12:31:37'),
(171, 86, 5, 'check_out', '2026-03-07 12:31:37'),
(172, 87, 6, 'check_out', '2026-03-07 12:31:37'),
(173, 88, 7, 'check_out', '2026-03-07 12:31:37'),
(174, 89, 8, 'check_out', '2026-03-07 12:31:37'),
(175, 90, 9, 'check_out', '2026-03-07 12:31:37'),
(176, 91, 10, 'check_out', '2026-03-07 12:31:37'),
(177, 92, 11, 'check_out', '2026-03-07 12:31:37'),
(178, 93, 12, 'check_out', '2026-03-07 12:31:38'),
(179, 94, 13, 'check_out', '2026-03-07 12:31:38'),
(180, 95, 14, 'check_out', '2026-03-07 12:31:38'),
(181, 96, 15, 'check_out', '2026-03-07 12:31:38'),
(182, 97, 16, 'check_out', '2026-03-07 12:31:38'),
(183, 98, 17, 'check_out', '2026-03-07 12:31:38'),
(184, 99, 18, 'check_out', '2026-03-07 12:31:38'),
(185, 100, 19, 'check_out', '2026-03-07 12:31:38'),
(186, 101, 20, 'check_out', '2026-03-07 12:31:38'),
(187, 83, 2, 'check_in', '2026-03-07 12:32:13'),
(188, 85, 4, 'check_in', '2026-03-07 12:32:16'),
(189, 85, 4, 'check_out', '2026-03-07 12:32:18'),
(190, 83, 2, 'check_out', '2026-03-07 12:32:20'),
(191, 85, 4, 'check_in', '2026-03-07 12:32:25'),
(192, 83, 2, 'check_in', '2026-03-07 12:32:27'),
(193, 84, 3, 'check_in', '2026-03-07 12:32:29'),
(194, 89, 8, 'check_in', '2026-03-07 12:32:30'),
(195, 88, 7, 'check_in', '2026-03-07 12:32:32'),
(196, 86, 5, 'check_in', '2026-03-07 12:32:33'),
(197, 87, 6, 'check_in', '2026-03-07 12:32:34'),
(198, 98, 17, 'check_in', '2026-03-07 12:32:38'),
(199, 97, 16, 'check_in', '2026-03-07 12:32:39'),
(200, 99, 18, 'check_in', '2026-03-07 12:32:40'),
(201, 82, 1, 'check_in', '2026-03-07 12:32:45'),
(202, 95, 14, 'check_in', '2026-03-07 12:32:47'),
(203, 100, 19, 'check_in', '2026-03-07 12:32:50'),
(204, 91, 10, 'check_in', '2026-03-07 12:32:51'),
(205, 92, 11, 'check_in', '2026-03-07 12:32:53'),
(206, 96, 15, 'check_in', '2026-03-07 12:32:56'),
(207, 94, 13, 'check_in', '2026-03-07 12:32:59'),
(208, 93, 12, 'check_in', '2026-03-07 12:33:00'),
(209, 101, 20, 'check_in', '2026-03-07 12:33:02'),
(210, 90, 9, 'check_in', '2026-03-07 12:33:04');

-- --------------------------------------------------------

--
-- Table structure for table `employee_shifts`
--

CREATE TABLE `employee_shifts` (
  `id` int(11) NOT NULL,
  `employee_id` int(11) NOT NULL,
  `shift_date` date NOT NULL,
  `start_time` time NOT NULL,
  `end_time` time NOT NULL,
  `status` enum('scheduled','started','paused','completed','cancelled') DEFAULT 'scheduled',
  `check_in_time` datetime DEFAULT NULL,
  `check_out_time` datetime DEFAULT NULL,
  `created_at` timestamp NOT NULL DEFAULT current_timestamp(),
  `last_check_in_time` datetime DEFAULT NULL,
  `total_working_minutes` int(11) DEFAULT 0,
  `working_time_formatted` varchar(20) DEFAULT '0h 0m',
  `check_in_count` int(11) DEFAULT 0,
  `check_out_count` int(11) DEFAULT 0
) ENGINE=InnoDB DEFAULT CHARSET=utf8mb4 COLLATE=utf8mb4_general_ci;

--
-- Dumping data for table `employee_shifts`
--

INSERT INTO `employee_shifts` (`id`, `employee_id`, `shift_date`, `start_time`, `end_time`, `status`, `check_in_time`, `check_out_time`, `created_at`, `last_check_in_time`, `total_working_minutes`, `working_time_formatted`, `check_in_count`, `check_out_count`) VALUES
(2, 1, '2026-03-03', '09:00:00', '18:00:00', 'paused', '2026-03-03 16:55:03', '2026-03-03 22:34:45', '2026-03-03 10:41:47', NULL, 235, '3h 55m', 6, 6),
(3, 2, '2026-03-03', '09:00:00', '18:00:00', 'completed', '2026-03-03 17:26:34', '2026-03-03 21:40:34', '2026-03-03 12:08:56', '2026-03-03 17:26:34', 254, '0h 0m', 1, 1),
(4, 3, '2026-03-03', '09:00:00', '18:00:00', 'completed', '2026-03-03 17:26:38', '2026-03-03 21:40:34', '2026-03-03 12:08:56', '2026-03-03 17:26:38', 253, '0h 0m', 1, 1),
(5, 4, '2026-03-03', '09:00:00', '18:00:00', 'completed', '2026-03-03 17:26:40', '2026-03-03 21:40:34', '2026-03-03 12:08:56', '2026-03-03 17:26:40', 253, '0h 0m', 1, 1),
(6, 5, '2026-03-03', '09:00:00', '18:00:00', 'completed', '2026-03-03 17:26:42', '2026-03-03 21:40:34', '2026-03-03 12:08:56', '2026-03-03 17:26:42', 253, '0h 0m', 1, 1),
(7, 6, '2026-03-03', '09:00:00', '18:00:00', 'completed', '2026-03-03 17:26:46', '2026-03-03 21:40:35', '2026-03-03 12:08:56', '2026-03-03 17:26:46', 253, '0h 0m', 1, 1),
(8, 7, '2026-03-03', '09:00:00', '18:00:00', 'completed', '2026-03-03 17:26:49', '2026-03-03 21:40:35', '2026-03-03 12:08:56', '2026-03-03 17:26:49', 253, '0h 0m', 1, 1),
(9, 8, '2026-03-03', '09:00:00', '18:00:00', 'completed', '2026-03-03 17:26:50', '2026-03-03 21:40:35', '2026-03-03 12:08:56', '2026-03-03 17:26:50', 253, '0h 0m', 1, 1),
(10, 9, '2026-03-03', '09:00:00', '18:00:00', 'completed', '2026-03-03 17:26:31', '2026-03-03 21:40:35', '2026-03-03 12:08:56', '2026-03-03 17:26:31', 254, '0h 0m', 1, 1),
(11, 10, '2026-03-03', '09:00:00', '18:00:00', 'completed', '2026-03-03 17:26:30', '2026-03-03 21:40:35', '2026-03-03 12:08:56', '2026-03-03 17:26:30', 254, '0h 0m', 1, 1),
(12, 11, '2026-03-03', '09:00:00', '18:00:00', 'paused', '2026-03-03 17:26:20', '2026-03-03 22:26:54', '2026-03-03 12:08:56', NULL, 254, '4h 14m', 2, 2),
(13, 12, '2026-03-03', '09:00:00', '18:00:00', 'completed', '2026-03-03 17:26:05', '2026-03-03 21:40:35', '2026-03-03 12:08:56', '2026-03-03 20:36:33', 254, '0h 0m', 2, 2),
(14, 13, '2026-03-03', '09:00:00', '18:00:00', 'completed', '2026-03-03 17:26:07', '2026-03-03 21:40:35', '2026-03-03 12:08:56', '2026-03-03 17:26:07', 254, '0h 0m', 1, 1),
(15, 14, '2026-03-03', '09:00:00', '18:00:00', 'completed', '2026-03-03 17:26:08', '2026-03-03 21:40:35', '2026-03-03 12:08:56', '2026-03-03 17:26:08', 254, '0h 0m', 1, 1),
(16, 15, '2026-03-03', '09:00:00', '18:00:00', 'completed', '2026-03-03 17:26:10', '2026-03-03 21:40:35', '2026-03-03 12:08:56', '2026-03-03 17:26:10', 254, '0h 0m', 1, 1),
(17, 16, '2026-03-03', '09:00:00', '18:00:00', 'paused', '2026-03-03 17:26:13', '2026-03-03 22:26:06', '2026-03-03 12:08:56', NULL, 254, '4h 14m', 2, 2),
(18, 17, '2026-03-03', '09:00:00', '18:00:00', 'paused', '2026-03-03 17:26:14', '2026-03-05 20:06:01', '2026-03-03 12:08:57', NULL, 254, '4h 14m', 3, 3),
(19, 18, '2026-03-03', '09:00:00', '18:00:00', 'paused', '2026-03-03 17:26:16', '2026-03-03 22:26:14', '2026-03-03 12:08:57', NULL, 254, '4h 14m', 2, 2),
(20, 19, '2026-03-03', '09:00:00', '18:00:00', 'paused', '2026-03-03 17:26:18', '2026-03-03 22:26:17', '2026-03-03 12:08:57', NULL, 254, '4h 14m', 2, 2),
(21, 20, '2026-03-03', '09:00:00', '18:00:00', 'paused', '2026-03-03 17:26:03', '2026-03-03 21:41:06', '2026-03-03 12:08:57', NULL, 253, '0h 0m', 5, 5),
(22, 1, '2026-03-04', '15:00:00', '00:00:00', 'started', '2026-03-05 20:06:53', NULL, '2026-03-04 12:59:03', '2026-03-05 20:06:53', 0, '0h 0m', 1, 0),
(23, 2, '2026-03-04', '09:00:00', '18:00:00', 'started', '2026-03-05 20:06:50', NULL, '2026-03-04 12:59:03', '2026-03-05 20:06:50', 0, '0h 0m', 1, 0),
(24, 3, '2026-03-04', '09:00:00', '18:00:00', 'started', '2026-03-05 20:06:12', NULL, '2026-03-04 12:59:03', '2026-03-05 20:06:12', 0, '0h 0m', 1, 0),
(25, 4, '2026-03-04', '09:00:00', '18:00:00', 'started', '2026-03-05 20:06:28', NULL, '2026-03-04 12:59:03', '2026-03-05 20:06:28', 0, '0h 0m', 1, 0),
(26, 5, '2026-03-04', '09:00:00', '18:00:00', 'started', '2026-03-05 20:06:36', NULL, '2026-03-04 12:59:03', '2026-03-05 20:06:36', 0, '0h 0m', 1, 0),
(27, 6, '2026-03-04', '09:00:00', '18:00:00', 'started', '2026-03-05 20:06:49', NULL, '2026-03-04 12:59:03', '2026-03-05 20:06:49', 0, '0h 0m', 1, 0),
(28, 7, '2026-03-04', '09:00:00', '18:00:00', 'started', '2026-03-05 20:06:09', NULL, '2026-03-04 12:59:03', '2026-03-05 20:06:09', 0, '0h 0m', 1, 0),
(29, 8, '2026-03-04', '09:00:00', '18:00:00', 'started', '2026-03-05 20:06:23', NULL, '2026-03-04 12:59:03', '2026-03-05 20:06:23', 0, '0h 0m', 1, 0),
(30, 9, '2026-03-04', '09:00:00', '18:00:00', 'started', '2026-03-05 20:06:35', NULL, '2026-03-04 12:59:03', '2026-03-05 20:06:35', 0, '0h 0m', 1, 0),
(31, 10, '2026-03-04', '09:00:00', '18:00:00', 'started', '2026-03-05 20:06:42', NULL, '2026-03-04 12:59:03', '2026-03-05 20:06:42', 0, '0h 0m', 1, 0),
(32, 11, '2026-03-04', '09:00:00', '18:00:00', 'started', '2026-03-05 20:06:06', NULL, '2026-03-04 12:59:03', '2026-03-05 20:06:06', 0, '0h 0m', 1, 0),
(33, 12, '2026-03-04', '09:00:00', '18:00:00', 'started', '2026-03-05 20:06:21', NULL, '2026-03-04 12:59:03', '2026-03-05 20:06:21', 0, '0h 0m', 1, 0),
(34, 13, '2026-03-04', '09:00:00', '18:00:00', 'started', '2026-03-05 20:06:33', NULL, '2026-03-04 12:59:03', '2026-03-05 20:06:33', 0, '0h 0m', 1, 0),
(35, 14, '2026-03-04', '09:00:00', '18:00:00', 'started', '2026-03-05 20:06:41', NULL, '2026-03-04 12:59:04', '2026-03-05 20:06:41', 0, '0h 0m', 1, 0),
(36, 15, '2026-03-04', '09:00:00', '18:00:00', 'started', '2026-03-05 20:05:58', NULL, '2026-03-04 12:59:04', '2026-03-05 20:05:58', 0, '0h 0m', 1, 0),
(37, 16, '2026-03-04', '09:00:00', '18:00:00', 'started', '2026-03-05 20:06:31', NULL, '2026-03-04 12:59:04', '2026-03-05 20:06:31', 0, '0h 0m', 1, 0),
(38, 17, '2026-03-04', '09:00:00', '18:00:00', 'started', '2026-03-05 20:06:40', NULL, '2026-03-04 12:59:04', '2026-03-05 20:06:40', 0, '0h 0m', 1, 0),
(39, 18, '2026-03-04', '09:00:00', '18:00:00', 'started', '2026-03-05 20:06:51', NULL, '2026-03-04 12:59:04', '2026-03-05 20:06:51', 0, '0h 0m', 1, 0),
(40, 19, '2026-03-04', '09:00:00', '18:00:00', 'started', '2026-03-05 20:06:14', NULL, '2026-03-04 12:59:04', '2026-03-05 20:06:14', 0, '0h 0m', 1, 0),
(41, 20, '2026-03-04', '09:00:00', '18:00:00', 'started', '2026-03-05 20:06:29', NULL, '2026-03-04 12:59:04', '2026-03-05 20:06:29', 0, '0h 0m', 1, 0),
(42, 1, '2026-03-05', '15:00:00', '00:00:00', 'started', '2026-03-05 20:04:12', '2026-03-05 20:11:31', '2026-03-05 07:20:12', '2026-03-05 20:11:33', 3, '0h 3m', 3, 1),
(43, 2, '2026-03-05', '09:00:00', '18:00:00', 'started', '2026-03-05 20:05:02', NULL, '2026-03-05 07:20:12', '2026-03-05 20:05:02', 0, '0h 0m', 1, 0),
(44, 3, '2026-03-05', '09:00:00', '18:00:00', 'started', '2026-03-05 20:04:54', NULL, '2026-03-05 07:20:12', '2026-03-05 20:04:54', 0, '0h 0m', 1, 0),
(45, 4, '2026-03-05', '09:00:00', '18:00:00', 'started', '2026-03-05 20:07:01', NULL, '2026-03-05 07:20:12', '2026-03-05 20:07:01', 0, '0h 0m', 1, 0),
(46, 5, '2026-03-05', '09:00:00', '18:00:00', 'started', '2026-03-05 20:07:11', NULL, '2026-03-05 07:20:12', '2026-03-05 20:07:11', 0, '0h 0m', 1, 0),
(47, 6, '2026-03-05', '09:00:00', '18:00:00', 'started', '2026-03-05 20:05:04', NULL, '2026-03-05 07:20:12', '2026-03-05 20:05:04', 0, '0h 0m', 1, 0),
(48, 7, '2026-03-05', '09:00:00', '18:00:00', 'started', '2026-03-05 20:04:55', NULL, '2026-03-05 07:20:12', '2026-03-05 20:04:55', 0, '0h 0m', 1, 0),
(49, 8, '2026-03-05', '09:00:00', '18:00:00', 'started', '2026-03-05 20:06:56', NULL, '2026-03-05 07:20:12', '2026-03-05 20:06:56', 0, '0h 0m', 1, 0),
(50, 9, '2026-03-05', '09:00:00', '18:00:00', 'started', '2026-03-05 20:07:10', NULL, '2026-03-05 07:20:12', '2026-03-05 20:07:10', 0, '0h 0m', 1, 0),
(51, 10, '2026-03-05', '09:00:00', '18:00:00', 'started', '2026-03-05 20:05:05', NULL, '2026-03-05 07:20:12', '2026-03-05 20:05:05', 0, '0h 0m', 1, 0),
(52, 11, '2026-03-05', '09:00:00', '18:00:00', 'started', '2026-03-05 20:04:57', NULL, '2026-03-05 07:20:12', '2026-03-05 20:04:57', 0, '0h 0m', 1, 0),
(53, 12, '2026-03-05', '09:00:00', '18:00:00', 'started', '2026-03-05 20:06:54', NULL, '2026-03-05 07:20:12', '2026-03-05 20:06:54', 0, '0h 0m', 1, 0),
(54, 13, '2026-03-05', '09:00:00', '18:00:00', 'started', '2026-03-05 20:07:06', NULL, '2026-03-05 07:20:12', '2026-03-05 20:07:06', 0, '0h 0m', 1, 0),
(55, 14, '2026-03-05', '09:00:00', '18:00:00', 'started', '2026-03-05 20:07:15', NULL, '2026-03-05 07:20:12', '2026-03-05 20:07:15', 0, '0h 0m', 1, 0),
(56, 15, '2026-03-05', '09:00:00', '18:00:00', 'started', '2026-03-05 20:04:59', NULL, '2026-03-05 07:20:12', '2026-03-05 20:04:59', 0, '0h 0m', 1, 0),
(57, 16, '2026-03-05', '09:00:00', '18:00:00', 'started', '2026-03-05 20:07:04', NULL, '2026-03-05 07:20:12', '2026-03-05 20:07:04', 0, '0h 0m', 1, 0),
(58, 17, '2026-03-05', '09:00:00', '18:00:00', 'started', '2026-03-05 20:07:12', NULL, '2026-03-05 07:20:12', '2026-03-05 20:07:12', 0, '0h 0m', 1, 0),
(59, 18, '2026-03-05', '09:00:00', '18:00:00', 'started', '2026-03-05 20:05:00', NULL, '2026-03-05 07:20:12', '2026-03-05 20:05:00', 0, '0h 0m', 1, 0),
(60, 19, '2026-03-05', '09:00:00', '18:00:00', 'started', '2026-03-05 20:04:51', NULL, '2026-03-05 07:20:12', '2026-03-05 20:04:51', 0, '0h 0m', 1, 0),
(61, 20, '2026-03-05', '09:00:00', '18:00:00', 'started', '2026-03-05 20:07:03', NULL, '2026-03-05 07:20:12', '2026-03-05 20:07:03', 0, '0h 0m', 1, 0),
(62, 1, '2026-03-06', '15:00:00', '00:00:00', 'started', '2026-03-06 15:25:03', '2026-03-06 15:33:44', '2026-03-06 09:54:20', '2026-03-06 15:33:53', 4, '0h 0m', 4, 0),
(63, 2, '2026-03-06', '09:00:00', '18:00:00', 'started', '2026-03-06 15:25:09', NULL, '2026-03-06 09:54:20', '2026-03-06 15:25:09', 0, '0h 0m', 1, 0),
(64, 3, '2026-03-06', '09:00:00', '18:00:00', 'started', '2026-03-06 15:25:00', NULL, '2026-03-06 09:54:20', '2026-03-06 15:25:00', 0, '0h 0m', 1, 0),
(65, 4, '2026-03-06', '09:00:00', '18:00:00', 'started', '2026-03-06 15:24:53', NULL, '2026-03-06 09:54:20', '2026-03-06 15:24:53', 0, '0h 0m', 1, 0),
(66, 5, '2026-03-06', '09:00:00', '18:00:00', 'started', '2026-03-06 15:24:28', NULL, '2026-03-06 09:54:20', '2026-03-06 15:24:28', 0, '0h 0m', 1, 0),
(67, 6, '2026-03-06', '09:00:00', '18:00:00', 'started', '2026-03-06 15:24:38', NULL, '2026-03-06 09:54:20', '2026-03-06 15:24:38', 0, '0h 0m', 1, 0),
(68, 7, '2026-03-06', '09:00:00', '18:00:00', 'started', '2026-03-06 15:24:40', NULL, '2026-03-06 09:54:20', '2026-03-06 15:24:40', 0, '0h 0m', 1, 0),
(69, 8, '2026-03-06', '09:00:00', '18:00:00', 'started', '2026-03-06 15:24:33', NULL, '2026-03-06 09:54:20', '2026-03-06 15:24:33', 0, '0h 0m', 1, 0),
(70, 9, '2026-03-06', '09:00:00', '18:00:00', 'started', '2026-03-06 15:24:34', NULL, '2026-03-06 09:54:20', '2026-03-06 15:24:34', 0, '0h 0m', 1, 0),
(71, 10, '2026-03-06', '09:00:00', '18:00:00', 'started', '2026-03-06 15:24:50', NULL, '2026-03-06 09:54:20', '2026-03-06 15:24:50', 0, '0h 0m', 1, 0),
(72, 11, '2026-03-06', '09:00:00', '18:00:00', 'started', '2026-03-06 15:24:56', NULL, '2026-03-06 09:54:20', '2026-03-06 15:24:56', 0, '0h 0m', 1, 0),
(73, 12, '2026-03-06', '09:00:00', '18:00:00', 'started', '2026-03-06 15:24:43', NULL, '2026-03-06 09:54:21', '2026-03-06 15:24:43', 0, '0h 0m', 1, 0),
(74, 13, '2026-03-06', '09:00:00', '18:00:00', 'started', '2026-03-06 15:25:07', NULL, '2026-03-06 09:54:21', '2026-03-06 15:25:07', 0, '0h 0m', 1, 0),
(75, 14, '2026-03-06', '09:00:00', '18:00:00', 'started', '2026-03-06 15:24:47', NULL, '2026-03-06 09:54:21', '2026-03-06 15:24:47', 0, '0h 0m', 1, 0),
(76, 15, '2026-03-06', '09:00:00', '18:00:00', 'started', '2026-03-06 15:24:58', NULL, '2026-03-06 09:54:21', '2026-03-06 15:24:58', 0, '0h 0m', 1, 0),
(77, 16, '2026-03-06', '09:00:00', '18:00:00', 'started', '2026-03-06 15:24:26', NULL, '2026-03-06 09:54:21', '2026-03-06 15:24:26', 0, '0h 0m', 1, 0),
(78, 17, '2026-03-06', '09:00:00', '18:00:00', 'started', '2026-03-06 15:24:24', NULL, '2026-03-06 09:54:21', '2026-03-06 15:24:24', 0, '0h 0m', 1, 0),
(79, 18, '2026-03-06', '09:00:00', '18:00:00', 'started', '2026-03-06 15:24:32', NULL, '2026-03-06 09:54:21', '2026-03-06 15:24:32', 0, '0h 0m', 1, 0),
(80, 19, '2026-03-06', '09:00:00', '18:00:00', 'started', '2026-03-06 15:24:49', NULL, '2026-03-06 09:54:21', '2026-03-06 15:24:49', 0, '0h 0m', 1, 0),
(81, 20, '2026-03-06', '09:00:00', '18:00:00', 'started', '2026-03-06 15:24:37', NULL, '2026-03-06 09:54:21', '2026-03-06 15:24:37', 0, '0h 0m', 1, 0),
(82, 1, '2026-03-07', '14:00:00', '00:00:00', 'started', '2026-03-07 17:20:46', '2026-03-07 17:31:36', '2026-03-07 12:19:34', '2026-03-07 17:32:45', 5, '0h 0m', 4, 0),
(83, 2, '2026-03-07', '14:00:00', '00:00:00', 'started', '2026-03-07 17:20:49', '2026-03-07 17:32:20', '2026-03-07 12:19:34', '2026-03-07 17:32:27', 10, '0h 10m', 3, 1),
(84, 3, '2026-03-07', '14:00:00', '00:00:00', 'started', '2026-03-07 17:20:38', '2026-03-07 17:31:37', '2026-03-07 12:19:34', '2026-03-07 17:32:29', 10, '0h 0m', 2, 0),
(85, 4, '2026-03-07', '14:00:00', '00:00:00', 'started', '2026-03-07 17:20:36', '2026-03-07 17:32:18', '2026-03-07 12:19:34', '2026-03-07 17:32:25', 11, '0h 11m', 3, 1),
(86, 5, '2026-03-07', '14:00:00', '00:00:00', 'started', '2026-03-07 17:20:14', '2026-03-07 17:31:37', '2026-03-07 12:19:34', '2026-03-07 17:32:33', 11, '0h 0m', 2, 0),
(87, 6, '2026-03-07', '14:00:00', '00:00:00', 'started', '2026-03-07 17:20:23', '2026-03-07 17:31:37', '2026-03-07 12:19:34', '2026-03-07 17:32:34', 11, '0h 0m', 2, 0),
(88, 7, '2026-03-07', '14:00:00', '00:00:00', 'started', '2026-03-07 17:20:27', '2026-03-07 17:31:37', '2026-03-07 12:19:34', '2026-03-07 17:32:32', 11, '0h 0m', 2, 0),
(89, 8, '2026-03-07', '14:00:00', '00:00:00', 'started', '2026-03-07 17:20:20', '2026-03-07 17:31:37', '2026-03-07 12:19:34', '2026-03-07 17:32:30', 11, '0h 0m', 2, 0),
(90, 9, '2026-03-07', '14:00:00', '00:00:00', 'started', '2026-03-07 17:20:21', '2026-03-07 17:31:37', '2026-03-07 12:19:35', '2026-03-07 17:33:04', 11, '0h 0m', 2, 0),
(91, 10, '2026-03-07', '14:00:00', '00:00:00', 'started', '2026-03-07 17:20:35', '2026-03-07 17:31:37', '2026-03-07 12:19:35', '2026-03-07 17:32:51', 11, '0h 0m', 2, 0),
(92, 11, '2026-03-07', '14:00:00', '00:00:00', 'started', '2026-03-07 17:20:42', '2026-03-07 17:31:37', '2026-03-07 12:19:35', '2026-03-07 17:32:53', 10, '0h 0m', 2, 0),
(93, 12, '2026-03-07', '14:00:00', '00:00:00', 'started', '2026-03-07 17:20:28', '2026-03-07 17:31:37', '2026-03-07 12:19:35', '2026-03-07 17:33:00', 11, '0h 0m', 2, 0),
(94, 13, '2026-03-07', '14:00:00', '00:00:00', 'started', '2026-03-07 17:20:48', '2026-03-07 17:31:38', '2026-03-07 12:19:35', '2026-03-07 17:32:59', 10, '0h 0m', 2, 0),
(95, 14, '2026-03-07', '14:00:00', '00:00:00', 'started', '2026-03-07 17:20:31', '2026-03-07 17:31:38', '2026-03-07 12:19:35', '2026-03-07 17:32:47', 11, '0h 0m', 2, 0),
(96, 15, '2026-03-07', '14:00:00', '00:00:00', 'started', '2026-03-07 17:20:43', '2026-03-07 17:31:38', '2026-03-07 12:19:35', '2026-03-07 17:32:56', 10, '0h 0m', 2, 0),
(97, 16, '2026-03-07', '14:00:00', '00:00:00', 'started', '2026-03-07 17:20:12', '2026-03-07 17:31:38', '2026-03-07 12:19:35', '2026-03-07 17:32:39', 11, '0h 0m', 2, 0),
(98, 17, '2026-03-07', '14:00:00', '00:00:00', 'started', '2026-03-07 17:20:11', '2026-03-07 17:31:38', '2026-03-07 12:19:35', '2026-03-07 17:32:37', 11, '0h 0m', 2, 0),
(99, 18, '2026-03-07', '14:00:00', '00:00:00', 'started', '2026-03-07 17:20:17', '2026-03-07 17:31:38', '2026-03-07 12:19:35', '2026-03-07 17:32:40', 11, '0h 0m', 2, 0),
(100, 19, '2026-03-07', '14:00:00', '00:00:00', 'started', '2026-03-07 17:20:33', '2026-03-07 17:31:38', '2026-03-07 12:19:35', '2026-03-07 17:32:49', 11, '0h 0m', 2, 0),
(101, 20, '2026-03-07', '14:00:00', '00:00:00', 'started', '2026-03-07 17:20:22', '2026-03-07 17:31:38', '2026-03-07 12:19:35', '2026-03-07 17:33:02', 11, '0h 0m', 2, 0),
(102, 1, '2026-03-12', '14:00:00', '00:00:00', 'scheduled', NULL, NULL, '2026-03-12 15:39:54', NULL, 0, '0h 0m', 0, 0),
(103, 2, '2026-03-12', '14:00:00', '00:00:00', 'scheduled', NULL, NULL, '2026-03-12 15:39:54', NULL, 0, '0h 0m', 0, 0),
(104, 3, '2026-03-12', '14:00:00', '00:00:00', 'scheduled', NULL, NULL, '2026-03-12 15:39:54', NULL, 0, '0h 0m', 0, 0),
(105, 4, '2026-03-12', '14:00:00', '00:00:00', 'scheduled', NULL, NULL, '2026-03-12 15:39:54', NULL, 0, '0h 0m', 0, 0),
(106, 5, '2026-03-12', '14:00:00', '00:00:00', 'scheduled', NULL, NULL, '2026-03-12 15:39:54', NULL, 0, '0h 0m', 0, 0),
(107, 6, '2026-03-12', '14:00:00', '00:00:00', 'scheduled', NULL, NULL, '2026-03-12 15:39:54', NULL, 0, '0h 0m', 0, 0),
(108, 7, '2026-03-12', '14:00:00', '00:00:00', 'scheduled', NULL, NULL, '2026-03-12 15:39:54', NULL, 0, '0h 0m', 0, 0),
(109, 8, '2026-03-12', '14:00:00', '00:00:00', 'scheduled', NULL, NULL, '2026-03-12 15:39:54', NULL, 0, '0h 0m', 0, 0),
(110, 9, '2026-03-12', '14:00:00', '00:00:00', 'scheduled', NULL, NULL, '2026-03-12 15:39:54', NULL, 0, '0h 0m', 0, 0),
(111, 10, '2026-03-12', '14:00:00', '00:00:00', 'scheduled', NULL, NULL, '2026-03-12 15:39:54', NULL, 0, '0h 0m', 0, 0),
(112, 11, '2026-03-12', '14:00:00', '00:00:00', 'scheduled', NULL, NULL, '2026-03-12 15:39:54', NULL, 0, '0h 0m', 0, 0),
(113, 12, '2026-03-12', '14:00:00', '00:00:00', 'scheduled', NULL, NULL, '2026-03-12 15:39:54', NULL, 0, '0h 0m', 0, 0),
(114, 13, '2026-03-12', '14:00:00', '00:00:00', 'scheduled', NULL, NULL, '2026-03-12 15:39:54', NULL, 0, '0h 0m', 0, 0),
(115, 14, '2026-03-12', '14:00:00', '00:00:00', 'scheduled', NULL, NULL, '2026-03-12 15:39:54', NULL, 0, '0h 0m', 0, 0),
(116, 15, '2026-03-12', '14:00:00', '00:00:00', 'scheduled', NULL, NULL, '2026-03-12 15:39:54', NULL, 0, '0h 0m', 0, 0),
(117, 16, '2026-03-12', '14:00:00', '00:00:00', 'scheduled', NULL, NULL, '2026-03-12 15:39:54', NULL, 0, '0h 0m', 0, 0),
(118, 17, '2026-03-12', '14:00:00', '00:00:00', 'scheduled', NULL, NULL, '2026-03-12 15:39:54', NULL, 0, '0h 0m', 0, 0),
(119, 18, '2026-03-12', '14:00:00', '00:00:00', 'scheduled', NULL, NULL, '2026-03-12 15:39:54', NULL, 0, '0h 0m', 0, 0),
(120, 19, '2026-03-12', '14:00:00', '00:00:00', 'scheduled', NULL, NULL, '2026-03-12 15:39:54', NULL, 0, '0h 0m', 0, 0),
(121, 20, '2026-03-12', '14:00:00', '00:00:00', 'scheduled', NULL, NULL, '2026-03-12 15:39:54', NULL, 0, '0h 0m', 0, 0);

-- --------------------------------------------------------

--
-- Table structure for table `events`
--

CREATE TABLE `events` (
  `id` int(11) NOT NULL,
  `title` varchar(255) NOT NULL,
  `description` text DEFAULT NULL,
  `event_date` date NOT NULL,
  `price` decimal(10,2) NOT NULL,
  `capacity` int(11) NOT NULL,
  `status` enum('active','inactive') DEFAULT 'active',
  `created_at` timestamp NOT NULL DEFAULT current_timestamp()
) ENGINE=InnoDB DEFAULT CHARSET=utf8mb4 COLLATE=utf8mb4_general_ci;

--
-- Dumping data for table `events`
--

INSERT INTO `events` (`id`, `title`, `description`, `event_date`, `price`, `capacity`, `status`, `created_at`) VALUES
(1, 'Annual Funfair 2024', 'The biggest funfair of the year with amazing attractions.', '2026-12-25', 5000.00, 1000, 'active', '2026-03-02 16:22:45'),
(2, 'Spring Festival', 'Celebrate the spring with music and games.', '2026-04-15', 2500.00, 500, 'active', '2026-03-02 16:22:45'),
(3, 'General Entry', 'Daily General Park Entry', '2026-01-01', 50.00, 10000, 'active', '2026-03-03 14:21:53');

-- --------------------------------------------------------

--
-- Table structure for table `expenses`
--

CREATE TABLE `expenses` (
  `id` int(11) NOT NULL,
  `category` varchar(100) NOT NULL,
  `amount` decimal(10,2) NOT NULL,
  `expense_date` date NOT NULL,
  `description` text DEFAULT NULL,
  `recorded_by` int(11) DEFAULT NULL,
  `created_at` timestamp NOT NULL DEFAULT current_timestamp()
) ENGINE=InnoDB DEFAULT CHARSET=utf8mb4 COLLATE=utf8mb4_general_ci;

--
-- Dumping data for table `expenses`
--

INSERT INTO `expenses` (`id`, `category`, `amount`, `expense_date`, `description`, `recorded_by`, `created_at`) VALUES
(1, 'Utilities (Electricity/Water)', 15000.00, '2026-03-03', 'electricity bill', 1, '2026-03-03 15:26:01');

-- --------------------------------------------------------

--
-- Table structure for table `passes`
--

CREATE TABLE `passes` (
  `id` int(11) NOT NULL,
  `pass_code` varchar(50) DEFAULT NULL,
  `price` decimal(10,2) DEFAULT NULL,
  `valid_from` datetime DEFAULT NULL,
  `valid_until` datetime DEFAULT NULL,
  `status` enum('pending','active','expired','cancelled') DEFAULT 'pending',
  `booked_by` int(11) DEFAULT NULL,
  `created_at` timestamp NOT NULL DEFAULT current_timestamp()
) ENGINE=InnoDB DEFAULT CHARSET=utf8mb4 COLLATE=utf8mb4_general_ci;

--
-- Dumping data for table `passes`
--

INSERT INTO `passes` (`id`, `pass_code`, `price`, `valid_from`, `valid_until`, `status`, `booked_by`, `created_at`) VALUES
(4, 'PASS-000004', 2000.00, '2026-03-03 18:13:25', '2026-03-03 21:13:25', 'active', 1, '2026-03-03 11:42:55'),
(5, 'PASS-000005', 2000.00, '2026-03-03 18:13:20', '2026-03-03 21:13:20', 'active', 1, '2026-03-03 11:46:16'),
(6, 'PASS-000006', 2000.00, '2026-03-03 18:13:17', '2026-03-03 21:13:17', 'active', 1, '2026-03-03 13:12:36'),
(7, 'PASS-880339D2', 1500.00, '2026-03-03 15:25:08', '2026-03-03 18:25:08', 'active', 1, '2026-03-03 14:25:08'),
(8, 'PASS-A2D82554', 1500.00, '2026-03-03 15:25:08', '2026-03-03 18:25:08', 'active', 1, '2026-03-03 14:25:08'),
(9, 'PASS-6C8168A6', 1500.00, '2026-03-03 15:25:08', '2026-03-03 18:25:08', 'active', 1, '2026-03-03 14:25:08'),
(10, 'PASS-1EFAE9ED', 1500.00, '2026-03-03 15:25:08', '2026-03-03 18:25:08', 'active', 1, '2026-03-03 14:25:08'),
(11, 'PASS-BA167F11', 1500.00, '2026-03-03 15:25:08', '2026-03-03 18:25:08', 'active', 1, '2026-03-03 14:25:08'),
(12, 'PASS-A827F07D', 1500.00, '2026-03-03 15:25:08', '2026-03-03 18:25:08', 'active', 1, '2026-03-03 14:25:08'),
(13, 'PASS-831DD00C', 1500.00, '2026-03-03 15:25:08', '2026-03-03 18:25:08', 'active', 1, '2026-03-03 14:25:08'),
(14, 'PASS-40543E73', 1500.00, '2026-03-03 15:25:08', '2026-03-03 18:25:08', 'active', 1, '2026-03-03 14:25:08'),
(15, 'PASS-292B57A6', 1500.00, '2026-03-03 15:25:08', '2026-03-03 18:25:08', 'active', 1, '2026-03-03 14:25:08'),
(16, 'PASS-1D2CF74D', 1500.00, '2026-03-03 15:25:08', '2026-03-03 18:25:08', 'active', 1, '2026-03-03 14:25:08'),
(17, 'PASS-000017', 2000.00, '2026-03-03 21:12:06', '2026-03-04 00:12:06', 'active', 1, '2026-03-03 16:02:35'),
(18, 'PASS-000018', 2000.00, '2026-03-03 21:12:02', '2026-03-04 00:12:02', 'active', 1, '2026-03-03 16:09:14'),
(19, 'PASS-000019', 2000.00, '2026-03-03 21:10:13', '2026-03-04 00:10:13', 'active', 1, '2026-03-03 16:09:26'),
(20, 'PASS-000020', 2000.00, '2026-03-03 21:10:17', '2026-03-04 00:10:17', 'active', 1, '2026-03-03 16:09:26'),
(21, 'PASS-000021', 2000.00, '2026-03-03 21:10:21', '2026-03-04 00:10:21', 'active', 1, '2026-03-03 16:09:26'),
(22, 'PASS-000022', 2000.00, '2026-03-03 21:10:22', '2026-03-04 00:10:22', 'active', 1, '2026-03-03 16:09:26'),
(23, 'PASS-000023', 2000.00, '2026-03-03 21:10:24', '2026-03-04 00:10:24', 'active', 1, '2026-03-03 16:09:26'),
(24, 'PASS-000024', 2000.00, '2026-03-03 21:11:37', '2026-03-04 00:11:37', 'active', 1, '2026-03-03 16:09:26'),
(25, 'PASS-000025', 2000.00, '2026-03-03 21:11:40', '2026-03-04 00:11:40', 'active', 1, '2026-03-03 16:09:26'),
(26, 'PASS-000026', 2000.00, '2026-03-03 21:11:43', '2026-03-04 00:11:43', 'active', 1, '2026-03-03 16:09:26'),
(27, 'PASS-000027', 2000.00, '2026-03-03 21:11:47', '2026-03-04 00:11:47', 'active', 1, '2026-03-03 16:09:26'),
(28, 'PASS-000028', 2000.00, '2026-03-03 21:11:53', '2026-03-04 00:11:53', 'active', 1, '2026-03-03 16:09:26');

-- --------------------------------------------------------

--
-- Table structure for table `payments`
--

CREATE TABLE `payments` (
  `id` int(11) NOT NULL,
  `ticket_id` int(11) DEFAULT NULL,
  `ride_ticket_id` int(11) DEFAULT NULL,
  `amount` decimal(10,2) NOT NULL,
  `payment_method` varchar(50) DEFAULT NULL,
  `transaction_id` varchar(100) DEFAULT NULL,
  `status` enum('pending','completed','failed') DEFAULT 'completed',
  `created_at` timestamp NOT NULL DEFAULT current_timestamp(),
  `pass_id` int(11) DEFAULT NULL
) ENGINE=InnoDB DEFAULT CHARSET=utf8mb4 COLLATE=utf8mb4_general_ci;

--
-- Dumping data for table `payments`
--

INSERT INTO `payments` (`id`, `ticket_id`, `ride_ticket_id`, `amount`, `payment_method`, `transaction_id`, `status`, `created_at`, `pass_id`) VALUES
(1, NULL, NULL, 2000.00, 'Cash', NULL, 'completed', '2026-03-03 11:42:55', 4),
(2, NULL, NULL, 2000.00, 'Cash', NULL, 'completed', '2026-03-03 11:46:16', 5),
(3, NULL, NULL, 2000.00, 'Cash', NULL, 'completed', '2026-03-03 13:12:36', 6),
(4, NULL, 1, 220.00, 'Credit/Debit Card', NULL, 'completed', '2026-03-03 13:13:02', NULL),
(5, 1, NULL, 5000.00, 'Cash', NULL, 'completed', '2026-03-03 14:08:27', NULL),
(6, NULL, 2, 220.00, 'Cash', NULL, 'completed', '2026-03-03 14:08:40', NULL),
(7, NULL, 3, 220.00, 'Cash', NULL, 'completed', '2026-03-03 14:08:52', NULL),
(8, NULL, NULL, 1500.00, 'Cash', NULL, 'completed', '2026-03-03 14:25:08', 7),
(9, NULL, NULL, 1500.00, 'Cash', NULL, 'completed', '2026-03-03 14:25:08', 8),
(10, NULL, NULL, 1500.00, 'Cash', NULL, 'completed', '2026-03-03 14:25:08', 9),
(11, NULL, NULL, 1500.00, 'Cash', NULL, 'completed', '2026-03-03 14:25:08', 10),
(12, NULL, NULL, 1500.00, 'Cash', NULL, 'completed', '2026-03-03 14:25:08', 11),
(13, NULL, NULL, 1500.00, 'Cash', NULL, 'completed', '2026-03-03 14:25:08', 12),
(14, NULL, NULL, 1500.00, 'Cash', NULL, 'completed', '2026-03-03 14:25:08', 13),
(15, NULL, NULL, 1500.00, 'Cash', NULL, 'completed', '2026-03-03 14:25:08', 14),
(16, NULL, NULL, 1500.00, 'Cash', NULL, 'completed', '2026-03-03 14:25:08', 15),
(17, NULL, NULL, 1500.00, 'Cash', NULL, 'completed', '2026-03-03 14:25:08', 16),
(18, NULL, 4, 200.00, 'Cash', NULL, 'completed', '2026-03-03 14:25:08', NULL),
(19, NULL, 5, 200.00, 'Cash', NULL, 'completed', '2026-03-03 14:25:08', NULL),
(20, NULL, 6, 200.00, 'Cash', NULL, 'completed', '2026-03-03 14:25:08', NULL),
(21, NULL, 7, 200.00, 'Cash', NULL, 'completed', '2026-03-03 14:25:08', NULL),
(22, NULL, 8, 200.00, 'Cash', NULL, 'completed', '2026-03-03 14:25:08', NULL),
(23, NULL, 9, 200.00, 'Cash', NULL, 'completed', '2026-03-03 14:25:08', NULL),
(24, NULL, 10, 200.00, 'Cash', NULL, 'completed', '2026-03-03 14:25:08', NULL),
(25, NULL, 11, 200.00, 'Cash', NULL, 'completed', '2026-03-03 14:25:08', NULL),
(26, NULL, 12, 200.00, 'Cash', NULL, 'completed', '2026-03-03 14:25:08', NULL),
(27, NULL, 13, 200.00, 'Cash', NULL, 'completed', '2026-03-03 14:25:08', NULL),
(28, NULL, 14, 200.00, 'Cash', NULL, 'completed', '2026-03-03 14:25:08', NULL),
(29, NULL, 15, 200.00, 'Cash', NULL, 'completed', '2026-03-03 14:25:08', NULL),
(30, 2, NULL, 50.00, 'Cash', NULL, 'completed', '2026-03-03 14:25:08', NULL),
(31, 3, NULL, 50.00, 'Cash', NULL, 'completed', '2026-03-03 14:25:08', NULL),
(32, 4, NULL, 50.00, 'Cash', NULL, 'completed', '2026-03-03 14:25:08', NULL),
(33, 5, NULL, 50.00, 'Cash', NULL, 'completed', '2026-03-03 14:25:08', NULL),
(34, 6, NULL, 50.00, 'Cash', NULL, 'completed', '2026-03-03 14:25:08', NULL),
(35, 7, NULL, 50.00, 'Cash', NULL, 'completed', '2026-03-03 14:25:08', NULL),
(36, 8, NULL, 50.00, 'Cash', NULL, 'completed', '2026-03-03 14:25:08', NULL),
(37, 9, NULL, 50.00, 'Cash', NULL, 'completed', '2026-03-03 14:25:08', NULL),
(38, 10, NULL, 50.00, 'Cash', NULL, 'completed', '2026-03-03 14:25:08', NULL),
(39, 11, NULL, 50.00, 'Cash', NULL, 'completed', '2026-03-03 14:25:08', NULL),
(40, 12, NULL, 50.00, 'Cash', NULL, 'completed', '2026-03-03 14:25:08', NULL),
(41, 13, NULL, 50.00, 'Cash', NULL, 'completed', '2026-03-03 14:25:08', NULL),
(42, 14, NULL, 50.00, 'Cash', NULL, 'completed', '2026-03-03 14:25:08', NULL),
(43, 15, NULL, 50.00, 'Cash', NULL, 'completed', '2026-03-03 14:25:08', NULL),
(44, 16, NULL, 50.00, 'Cash', NULL, 'completed', '2026-03-03 14:25:08', NULL),
(45, 17, NULL, 50.00, 'Cash', NULL, 'completed', '2026-03-03 14:25:08', NULL),
(46, 18, NULL, 50.00, 'Cash', NULL, 'completed', '2026-03-03 14:25:08', NULL),
(47, 19, NULL, 50.00, 'Cash', NULL, 'completed', '2026-03-03 14:25:08', NULL),
(48, 20, NULL, 500.00, 'Cash', NULL, 'completed', '2026-03-03 14:25:08', NULL),
(49, 21, NULL, 500.00, 'Cash', NULL, 'completed', '2026-03-03 14:25:08', NULL),
(50, 22, NULL, 500.00, 'Cash', NULL, 'completed', '2026-03-03 14:25:08', NULL),
(51, 23, NULL, 500.00, 'Cash', NULL, 'completed', '2026-03-03 14:25:08', NULL),
(52, 24, NULL, 500.00, 'Cash', NULL, 'completed', '2026-03-03 14:25:08', NULL),
(53, 25, NULL, 500.00, 'Cash', NULL, 'completed', '2026-03-03 14:25:08', NULL),
(54, 26, NULL, 500.00, 'Cash', NULL, 'completed', '2026-03-03 14:25:08', NULL),
(55, 27, NULL, 500.00, 'Cash', NULL, 'completed', '2026-03-03 14:25:08', NULL),
(56, 28, NULL, 500.00, 'Cash', NULL, 'completed', '2026-03-03 14:25:08', NULL),
(57, 29, NULL, 500.00, 'Cash', NULL, 'completed', '2026-03-03 14:25:08', NULL),
(58, 30, NULL, 500.00, 'Cash', NULL, 'completed', '2026-03-03 14:25:08', NULL),
(59, 31, NULL, 500.00, 'Cash', NULL, 'completed', '2026-03-03 14:25:08', NULL),
(60, 32, NULL, 500.00, 'Cash', NULL, 'completed', '2026-03-03 14:25:08', NULL),
(61, 33, NULL, 500.00, 'Cash', NULL, 'completed', '2026-03-03 14:25:08', NULL),
(62, 34, NULL, 500.00, 'Cash', NULL, 'completed', '2026-03-03 14:25:08', NULL),
(63, 35, NULL, 500.00, 'Cash', NULL, 'completed', '2026-03-03 14:25:08', NULL),
(64, 36, NULL, 50.00, 'Cash', NULL, 'completed', '2026-03-03 15:33:27', NULL),
(65, 37, NULL, 50.00, 'Cash', NULL, 'completed', '2026-03-03 15:54:39', NULL),
(66, 38, NULL, 50.00, 'Cash', NULL, 'completed', '2026-03-03 15:54:39', NULL),
(67, 39, NULL, 50.00, 'Cash', NULL, 'completed', '2026-03-03 15:54:39', NULL),
(68, 40, NULL, 50.00, 'Cash', NULL, 'completed', '2026-03-03 15:54:39', NULL),
(69, 41, NULL, 50.00, 'Cash', NULL, 'completed', '2026-03-03 15:54:39', NULL),
(70, 42, NULL, 50.00, 'Cash', NULL, 'completed', '2026-03-03 15:54:39', NULL),
(71, 43, NULL, 50.00, 'Cash', NULL, 'completed', '2026-03-03 15:54:39', NULL),
(72, 44, NULL, 50.00, 'Cash', NULL, 'completed', '2026-03-03 15:54:39', NULL),
(73, 45, NULL, 50.00, 'Cash', NULL, 'completed', '2026-03-03 15:54:39', NULL),
(74, 46, NULL, 50.00, 'Cash', NULL, 'completed', '2026-03-03 15:54:39', NULL),
(75, NULL, 16, 220.00, 'Cash', NULL, 'completed', '2026-03-03 15:56:23', NULL),
(76, NULL, 17, 220.00, 'Cash', NULL, 'completed', '2026-03-03 15:56:23', NULL),
(77, NULL, 18, 220.00, 'Cash', NULL, 'completed', '2026-03-03 15:56:23', NULL),
(78, NULL, 19, 220.00, 'Cash', NULL, 'completed', '2026-03-03 15:56:23', NULL),
(79, NULL, 20, 220.00, 'Cash', NULL, 'completed', '2026-03-03 15:56:23', NULL),
(80, NULL, 21, 220.00, 'Cash', NULL, 'completed', '2026-03-03 15:56:23', NULL),
(81, NULL, 22, 220.00, 'Cash', NULL, 'completed', '2026-03-03 15:56:23', NULL),
(82, NULL, 23, 220.00, 'Cash', NULL, 'completed', '2026-03-03 15:56:23', NULL),
(83, NULL, 24, 220.00, 'Cash', NULL, 'completed', '2026-03-03 15:56:23', NULL),
(84, NULL, 25, 220.00, 'Cash', NULL, 'completed', '2026-03-03 15:56:23', NULL),
(85, NULL, 26, 220.00, 'Cash', NULL, 'completed', '2026-03-03 15:56:23', NULL),
(86, NULL, 27, 220.00, 'Cash', NULL, 'completed', '2026-03-03 15:56:23', NULL),
(87, NULL, 28, 220.00, 'Cash', NULL, 'completed', '2026-03-03 15:56:23', NULL),
(88, NULL, 29, 220.00, 'Cash', NULL, 'completed', '2026-03-03 15:56:23', NULL),
(89, NULL, 30, 220.00, 'Cash', NULL, 'completed', '2026-03-03 15:56:23', NULL),
(90, NULL, 31, 220.00, 'Cash', NULL, 'completed', '2026-03-03 15:56:23', NULL),
(91, NULL, 32, 220.00, 'Cash', NULL, 'completed', '2026-03-03 15:56:23', NULL),
(92, NULL, 33, 220.00, 'Cash', NULL, 'completed', '2026-03-03 15:56:23', NULL),
(93, NULL, 34, 220.00, 'Cash', NULL, 'completed', '2026-03-03 15:56:23', NULL),
(94, NULL, 35, 220.00, 'Cash', NULL, 'completed', '2026-03-03 15:56:23', NULL),
(95, NULL, 36, 220.00, 'Cash', NULL, 'completed', '2026-03-03 15:56:23', NULL),
(96, NULL, 37, 220.00, 'Cash', NULL, 'completed', '2026-03-03 15:56:23', NULL),
(97, NULL, 38, 220.00, 'Cash', NULL, 'completed', '2026-03-03 15:56:23', NULL),
(98, NULL, 39, 220.00, 'Cash', NULL, 'completed', '2026-03-03 15:56:23', NULL),
(99, NULL, NULL, 2000.00, 'Cash', NULL, 'completed', '2026-03-03 16:02:35', 17),
(100, NULL, NULL, 2000.00, 'Cash', NULL, 'completed', '2026-03-03 16:09:14', 18),
(101, NULL, NULL, 2000.00, 'Cash', NULL, 'completed', '2026-03-03 16:09:26', 19),
(102, NULL, NULL, 2000.00, 'Cash', NULL, 'completed', '2026-03-03 16:09:26', 20),
(103, NULL, NULL, 2000.00, 'Cash', NULL, 'completed', '2026-03-03 16:09:26', 21),
(104, NULL, NULL, 2000.00, 'Cash', NULL, 'completed', '2026-03-03 16:09:26', 22),
(105, NULL, NULL, 2000.00, 'Cash', NULL, 'completed', '2026-03-03 16:09:26', 23),
(106, NULL, NULL, 2000.00, 'Cash', NULL, 'completed', '2026-03-03 16:09:26', 24),
(107, NULL, NULL, 2000.00, 'Cash', NULL, 'completed', '2026-03-03 16:09:26', 25),
(108, NULL, NULL, 2000.00, 'Cash', NULL, 'completed', '2026-03-03 16:09:26', 26),
(109, NULL, NULL, 2000.00, 'Cash', NULL, 'completed', '2026-03-03 16:09:26', 27),
(110, NULL, NULL, 2000.00, 'Cash', NULL, 'completed', '2026-03-03 16:09:26', 28);

-- --------------------------------------------------------

--
-- Table structure for table `permissions`
--

CREATE TABLE `permissions` (
  `id` int(11) NOT NULL,
  `name` varchar(100) NOT NULL,
  `slug` varchar(100) NOT NULL
) ENGINE=InnoDB DEFAULT CHARSET=utf8mb4 COLLATE=utf8mb4_general_ci;

--
-- Dumping data for table `permissions`
--

INSERT INTO `permissions` (`id`, `name`, `slug`) VALUES
(1, 'Manage Users', 'manage_users'),
(2, 'Manage Roles', 'manage_roles'),
(3, 'Manage Events', 'manage_events'),
(4, 'Book Tickets', 'book_tickets'),
(5, 'Validate Entry', 'validate_entry'),
(6, 'Manage Swings', 'manage_swings'),
(7, 'Validate Rides', 'validate_rides'),
(8, 'View Reports', 'view_reports'),
(9, 'View Events', 'view_events'),
(10, 'View Swings', 'view_swings');

-- --------------------------------------------------------

--
-- Table structure for table `ride_tickets`
--

CREATE TABLE `ride_tickets` (
  `id` int(11) NOT NULL,
  `swing_id` int(11) NOT NULL,
  `user_id` int(11) DEFAULT NULL,
  `ticket_code` varchar(20) NOT NULL,
  `status` enum('paid','used','cancelled') DEFAULT 'paid',
  `booked_by` int(11) DEFAULT NULL,
  `created_at` timestamp NOT NULL DEFAULT current_timestamp()
) ENGINE=InnoDB DEFAULT CHARSET=utf8mb4 COLLATE=utf8mb4_general_ci;

--
-- Dumping data for table `ride_tickets`
--

INSERT INTO `ride_tickets` (`id`, `swing_id`, `user_id`, `ticket_code`, `status`, `booked_by`, `created_at`) VALUES
(1, 12, NULL, 'RID-000001', 'used', 1, '2026-03-03 13:13:02'),
(2, 12, NULL, 'RID-000002', 'used', 1, '2026-03-03 14:08:40'),
(3, 12, NULL, 'RID-000003', 'used', 1, '2026-03-03 14:08:52'),
(4, 1, NULL, 'RID-000004', 'used', 1, '2026-03-03 14:25:08'),
(5, 2, NULL, 'RID-000005', 'used', 1, '2026-03-03 14:25:08'),
(6, 3, NULL, 'RID-000006', 'used', 1, '2026-03-03 14:25:08'),
(7, 4, NULL, 'RID-000007', 'used', 1, '2026-03-03 14:25:08'),
(8, 5, NULL, 'RID-000008', 'used', 1, '2026-03-03 14:25:08'),
(9, 6, NULL, 'RID-000009', 'used', 1, '2026-03-03 14:25:08'),
(10, 7, NULL, 'RID-000010', 'used', 1, '2026-03-03 14:25:08'),
(11, 8, NULL, 'RID-000011', 'used', 1, '2026-03-03 14:25:08'),
(12, 9, NULL, 'RID-000012', 'used', 1, '2026-03-03 14:25:08'),
(13, 10, NULL, 'RID-000013', 'used', 1, '2026-03-03 14:25:08'),
(14, 11, NULL, 'RID-000014', 'used', 1, '2026-03-03 14:25:08'),
(15, 12, NULL, 'RID-000015', 'used', 1, '2026-03-03 14:25:08'),
(16, 12, NULL, 'RID-000016', 'used', 1, '2026-03-03 15:56:23'),
(17, 12, NULL, 'RID-000017', 'used', 1, '2026-03-03 15:56:23'),
(18, 12, NULL, 'RID-000018', 'used', 1, '2026-03-03 15:56:23'),
(19, 12, NULL, 'RID-000019', 'used', 1, '2026-03-03 15:56:23'),
(20, 12, NULL, 'RID-000020', 'used', 1, '2026-03-03 15:56:23'),
(21, 12, NULL, 'RID-000021', 'used', 1, '2026-03-03 15:56:23'),
(22, 12, NULL, 'RID-000022', 'used', 1, '2026-03-03 15:56:23'),
(23, 12, NULL, 'RID-000023', 'used', 1, '2026-03-03 15:56:23'),
(24, 12, NULL, 'RID-000024', 'used', 1, '2026-03-03 15:56:23'),
(25, 12, NULL, 'RID-000025', 'used', 1, '2026-03-03 15:56:23'),
(26, 12, NULL, 'RID-000026', 'used', 1, '2026-03-03 15:56:23'),
(27, 12, NULL, 'RID-000027', 'used', 1, '2026-03-03 15:56:23'),
(28, 12, NULL, 'RID-000028', 'used', 1, '2026-03-03 15:56:23'),
(29, 12, NULL, 'RID-000029', 'used', 1, '2026-03-03 15:56:23'),
(30, 12, NULL, 'RID-000030', 'used', 1, '2026-03-03 15:56:23'),
(31, 12, NULL, 'RID-000031', 'used', 1, '2026-03-03 15:56:23'),
(32, 12, NULL, 'RID-000032', 'used', 1, '2026-03-03 15:56:23'),
(33, 12, NULL, 'RID-000033', 'used', 1, '2026-03-03 15:56:23'),
(34, 12, NULL, 'RID-000034', 'used', 1, '2026-03-03 15:56:23'),
(35, 12, NULL, 'RID-000035', 'used', 1, '2026-03-03 15:56:23'),
(36, 12, NULL, 'RID-000036', 'used', 1, '2026-03-03 15:56:23'),
(37, 12, NULL, 'RID-000037', 'used', 1, '2026-03-03 15:56:23'),
(38, 12, NULL, 'RID-000038', 'used', 1, '2026-03-03 15:56:23'),
(39, 12, NULL, 'RID-000039', 'used', 1, '2026-03-03 15:56:23');

-- --------------------------------------------------------

--
-- Table structure for table `ride_usage_logs`
--

CREATE TABLE `ride_usage_logs` (
  `id` int(11) NOT NULL,
  `ride_ticket_id` int(11) DEFAULT NULL,
  `operator_id` int(11) NOT NULL,
  `usage_time` timestamp NOT NULL DEFAULT current_timestamp(),
  `pass_id` int(11) DEFAULT NULL,
  `swing_id` int(11) DEFAULT NULL
) ENGINE=InnoDB DEFAULT CHARSET=utf8mb4 COLLATE=utf8mb4_general_ci;

--
-- Dumping data for table `ride_usage_logs`
--

INSERT INTO `ride_usage_logs` (`id`, `ride_ticket_id`, `operator_id`, `usage_time`, `pass_id`, `swing_id`) VALUES
(1, 1, 1, '2026-03-03 13:13:14', NULL, NULL),
(2, 4, 1, '2026-03-03 15:22:40', NULL, NULL),
(3, 5, 1, '2026-03-03 15:22:44', NULL, NULL),
(4, 6, 1, '2026-03-03 15:23:10', NULL, NULL),
(5, 7, 1, '2026-03-03 15:23:15', NULL, NULL),
(6, 8, 1, '2026-03-03 15:23:20', NULL, NULL),
(7, 9, 1, '2026-03-03 15:23:22', NULL, NULL),
(8, 10, 1, '2026-03-03 15:23:24', NULL, NULL),
(9, 11, 1, '2026-03-03 15:23:25', NULL, NULL),
(10, 12, 1, '2026-03-03 15:23:26', NULL, NULL),
(11, 13, 1, '2026-03-03 15:23:27', NULL, NULL),
(12, 14, 1, '2026-03-03 15:23:33', NULL, NULL),
(13, 15, 1, '2026-03-03 15:23:34', NULL, NULL),
(14, 3, 1, '2026-03-03 15:23:36', NULL, NULL),
(15, 2, 1, '2026-03-03 15:23:38', NULL, NULL),
(16, 16, 1, '2026-03-03 15:56:38', NULL, NULL),
(17, 17, 1, '2026-03-03 15:56:39', NULL, NULL),
(18, 18, 1, '2026-03-03 15:56:40', NULL, NULL),
(19, 19, 1, '2026-03-03 15:56:41', NULL, NULL),
(20, 20, 1, '2026-03-03 15:56:43', NULL, NULL),
(21, 21, 1, '2026-03-03 15:56:45', NULL, NULL),
(22, 22, 1, '2026-03-03 15:56:46', NULL, NULL),
(23, 23, 1, '2026-03-03 15:56:47', NULL, NULL),
(24, 24, 1, '2026-03-03 15:56:48', NULL, NULL),
(25, 25, 1, '2026-03-03 15:56:49', NULL, NULL),
(26, 26, 1, '2026-03-03 15:56:54', NULL, NULL),
(27, 27, 1, '2026-03-03 15:56:55', NULL, NULL),
(28, 28, 1, '2026-03-03 15:56:57', NULL, NULL),
(29, 29, 1, '2026-03-03 15:56:58', NULL, NULL),
(30, 30, 1, '2026-03-03 15:57:00', NULL, NULL),
(31, 31, 1, '2026-03-03 15:57:01', NULL, NULL),
(32, 32, 1, '2026-03-03 15:57:02', NULL, NULL),
(33, 33, 1, '2026-03-03 15:57:03', NULL, NULL),
(34, 34, 1, '2026-03-03 15:57:04', NULL, NULL),
(35, 35, 1, '2026-03-03 15:57:06', NULL, NULL),
(36, 36, 1, '2026-03-03 15:57:13', NULL, NULL),
(37, 37, 1, '2026-03-03 15:57:14', NULL, NULL),
(38, 38, 1, '2026-03-03 15:57:15', NULL, NULL),
(39, 39, 1, '2026-03-03 15:57:16', NULL, NULL);

-- --------------------------------------------------------

--
-- Table structure for table `roles`
--

CREATE TABLE `roles` (
  `id` int(11) NOT NULL,
  `name` varchar(50) NOT NULL,
  `created_at` timestamp NOT NULL DEFAULT current_timestamp()
) ENGINE=InnoDB DEFAULT CHARSET=utf8mb4 COLLATE=utf8mb4_general_ci;

--
-- Dumping data for table `roles`
--

INSERT INTO `roles` (`id`, `name`, `created_at`) VALUES
(1, 'Super Admin', '2026-03-02 16:22:45'),
(2, 'Admin', '2026-03-02 16:22:45'),
(3, 'Event Manager', '2026-03-02 16:22:45'),
(4, 'Cashier', '2026-03-02 16:22:45'),
(5, 'Gate Operator', '2026-03-02 16:22:45'),
(6, 'Ride Operator', '2026-03-02 16:22:45'),
(7, 'User/Student', '2026-03-02 16:22:45'),
(8, 'Guard', '2026-03-03 13:00:40');

-- --------------------------------------------------------

--
-- Table structure for table `role_permissions`
--

CREATE TABLE `role_permissions` (
  `role_id` int(11) NOT NULL,
  `permission_id` int(11) NOT NULL
) ENGINE=InnoDB DEFAULT CHARSET=utf8mb4 COLLATE=utf8mb4_general_ci;

--
-- Dumping data for table `role_permissions`
--

INSERT INTO `role_permissions` (`role_id`, `permission_id`) VALUES
(1, 9),
(1, 10),
(2, 2),
(2, 3),
(2, 4),
(2, 5),
(2, 6),
(2, 7),
(2, 8),
(3, 3),
(3, 4),
(3, 5),
(3, 6),
(3, 7),
(4, 4),
(4, 5),
(5, 5),
(6, 4),
(6, 6),
(6, 7),
(7, 9),
(7, 10);

-- --------------------------------------------------------

--
-- Table structure for table `swings`
--

CREATE TABLE `swings` (
  `id` int(11) NOT NULL,
  `name` varchar(100) NOT NULL,
  `price` decimal(10,2) NOT NULL,
  `duration` int(11) DEFAULT NULL,
  `capacity` int(11) DEFAULT NULL,
  `image` varchar(255) DEFAULT NULL,
  `status` enum('active','inactive') DEFAULT 'active',
  `created_at` timestamp NOT NULL DEFAULT current_timestamp()
) ENGINE=InnoDB DEFAULT CHARSET=utf8mb4 COLLATE=utf8mb4_general_ci;

--
-- Dumping data for table `swings`
--

INSERT INTO `swings` (`id`, `name`, `price`, `duration`, `capacity`, `image`, `status`, `created_at`) VALUES
(1, 'Giant Ferris Wheel', 150.00, 15, 60, 'ferris_wheel.png', 'active', '2026-03-02 16:22:45'),
(2, 'Speed Roller Coaster', 250.00, 5, 20, 'roller_coaster.png', 'active', '2026-03-02 16:22:45'),
(3, 'Neon Bumper Cars', 100.00, 10, 16, 'bumper_cars.png', 'active', '2026-03-02 16:22:45'),
(4, 'Royal Carousel', 80.00, 8, 30, 'carousel.png', 'active', '2026-03-02 16:22:45'),
(5, 'Pirate Revenge Ship', 120.00, 7, 40, 'pirate_ship.png', 'active', '2026-03-02 16:22:45'),
(6, 'Sky Drop Tower', 200.00, 3, 12, 'drop_tower.png', 'active', '2026-03-02 16:22:45'),
(7, 'Crazy Spinning Teacups', 70.00, 6, 24, 'teacups.png', 'active', '2026-03-02 16:22:45'),
(8, 'Wave Swinger', 100.00, 8, 32, 'wave_swinger.png', 'active', '2026-03-02 16:22:45'),
(9, 'Jungle Log Flume', 180.00, 10, 4, 'log_flume.png', 'active', '2026-03-02 16:22:45'),
(10, 'Haunted Ghost Train', 120.00, 12, 8, 'horror_house.png', 'active', '2026-03-02 16:22:45'),
(11, 'Panoramic Sky Ride', 150.00, 20, 2, 'sky_ride.png', 'active', '2026-03-02 16:22:45'),
(12, 'Giant Pendulum Frisbee', 220.00, 6, 24, 'giant_frisbee.png', 'active', '2026-03-02 16:22:45');

-- --------------------------------------------------------

--
-- Table structure for table `tickets`
--

CREATE TABLE `tickets` (
  `id` int(11) NOT NULL,
  `event_id` int(11) NOT NULL,
  `user_id` int(11) DEFAULT NULL,
  `ticket_code` varchar(20) NOT NULL,
  `status` enum('paid','used','cancelled') DEFAULT 'paid',
  `booked_by` int(11) DEFAULT NULL,
  `created_at` timestamp NOT NULL DEFAULT current_timestamp()
) ENGINE=InnoDB DEFAULT CHARSET=utf8mb4 COLLATE=utf8mb4_general_ci;

--
-- Dumping data for table `tickets`
--

INSERT INTO `tickets` (`id`, `event_id`, `user_id`, `ticket_code`, `status`, `booked_by`, `created_at`) VALUES
(1, 1, NULL, 'EVT-000001', 'used', 1, '2026-03-03 14:08:26'),
(2, 3, NULL, 'ENT-000002', 'used', 1, '2026-03-03 14:25:08'),
(3, 3, NULL, 'ENT-000003', 'used', 1, '2026-03-03 14:25:08'),
(4, 3, NULL, 'ENT-000004', 'used', 1, '2026-03-03 14:25:08'),
(5, 3, NULL, 'ENT-000005', 'used', 1, '2026-03-03 14:25:08'),
(6, 3, NULL, 'ENT-000006', 'used', 1, '2026-03-03 14:25:08'),
(7, 3, NULL, 'ENT-000007', 'used', 1, '2026-03-03 14:25:08'),
(8, 3, NULL, 'ENT-000008', 'used', 1, '2026-03-03 14:25:08'),
(9, 3, NULL, 'ENT-000009', 'used', 1, '2026-03-03 14:25:08'),
(10, 3, NULL, 'ENT-000010', 'used', 1, '2026-03-03 14:25:08'),
(11, 3, NULL, 'ENT-000011', 'used', 1, '2026-03-03 14:25:08'),
(12, 3, NULL, 'ENT-000012', 'used', 1, '2026-03-03 14:25:08'),
(13, 3, NULL, 'ENT-000013', 'used', 1, '2026-03-03 14:25:08'),
(14, 3, NULL, 'ENT-000014', 'used', 1, '2026-03-03 14:25:08'),
(15, 3, NULL, 'ENT-000015', 'used', 1, '2026-03-03 14:25:08'),
(16, 3, NULL, 'ENT-000016', 'used', 1, '2026-03-03 14:25:08'),
(17, 3, NULL, 'ENT-000017', 'used', 1, '2026-03-03 14:25:08'),
(18, 3, NULL, 'ENT-000018', 'used', 1, '2026-03-03 14:25:08'),
(19, 3, NULL, 'ENT-000019', 'used', 1, '2026-03-03 14:25:08'),
(20, 1, NULL, 'EVT-000020', 'used', 1, '2026-03-03 14:25:08'),
(21, 1, NULL, 'EVT-000021', 'used', 1, '2026-03-03 14:25:08'),
(22, 1, NULL, 'EVT-000022', 'used', 1, '2026-03-03 14:25:08'),
(23, 1, NULL, 'EVT-000023', 'used', 1, '2026-03-03 14:25:08'),
(24, 1, NULL, 'EVT-000024', 'used', 1, '2026-03-03 14:25:08'),
(25, 1, NULL, 'EVT-000025', 'used', 1, '2026-03-03 14:25:08'),
(26, 1, NULL, 'EVT-000026', 'used', 1, '2026-03-03 14:25:08'),
(27, 1, NULL, 'EVT-000027', 'used', 1, '2026-03-03 14:25:08'),
(28, 1, NULL, 'EVT-000028', 'used', 1, '2026-03-03 14:25:08'),
(29, 1, NULL, 'EVT-000029', 'used', 1, '2026-03-03 14:25:08'),
(30, 1, NULL, 'EVT-000030', 'used', 1, '2026-03-03 14:25:08'),
(31, 1, NULL, 'EVT-000031', 'used', 1, '2026-03-03 14:25:08'),
(32, 1, NULL, 'EVT-000032', 'used', 1, '2026-03-03 14:25:08'),
(33, 1, NULL, 'EVT-000033', 'used', 1, '2026-03-03 14:25:08'),
(34, 1, NULL, 'EVT-000034', 'used', 1, '2026-03-03 14:25:08'),
(35, 1, NULL, 'EVT-000035', 'used', 1, '2026-03-03 14:25:08'),
(36, 3, NULL, 'ENT-000036', 'used', 1, '2026-03-03 15:33:27'),
(37, 3, NULL, 'ENT-000037', 'used', 1, '2026-03-03 15:54:39'),
(38, 3, NULL, 'ENT-000038', 'used', 1, '2026-03-03 15:54:39'),
(39, 3, NULL, 'ENT-000039', 'used', 1, '2026-03-03 15:54:39'),
(40, 3, NULL, 'ENT-000040', 'used', 1, '2026-03-03 15:54:39'),
(41, 3, NULL, 'ENT-000041', 'used', 1, '2026-03-03 15:54:39'),
(42, 3, NULL, 'ENT-000042', 'used', 1, '2026-03-03 15:54:39'),
(43, 3, NULL, 'ENT-000043', 'used', 1, '2026-03-03 15:54:39'),
(44, 3, NULL, 'ENT-000044', 'used', 1, '2026-03-03 15:54:39'),
(45, 3, NULL, 'ENT-000045', 'used', 1, '2026-03-03 15:54:39'),
(46, 3, NULL, 'ENT-000046', 'used', 1, '2026-03-03 15:54:39');

-- --------------------------------------------------------

--
-- Table structure for table `users`
--

CREATE TABLE `users` (
  `id` int(11) NOT NULL,
  `username` varchar(50) NOT NULL,
  `password` varchar(255) NOT NULL,
  `full_name` varchar(100) NOT NULL,
  `email` varchar(100) DEFAULT NULL,
  `role_id` int(11) DEFAULT NULL,
  `status` enum('active','inactive') DEFAULT 'active',
  `created_at` timestamp NOT NULL DEFAULT current_timestamp()
) ENGINE=InnoDB DEFAULT CHARSET=utf8mb4 COLLATE=utf8mb4_general_ci;

--
-- Dumping data for table `users`
--

INSERT INTO `users` (`id`, `username`, `password`, `full_name`, `email`, `role_id`, `status`, `created_at`) VALUES
(1, 'super admin', '$2y$10$gUYmeKl.UcVALBkJEiSF..7/OPPG/fCkSBTEmzePbhInlrbTxE3UC', 'Super Admin', 'sa2231675@gmail.com', 1, 'active', '2026-03-02 16:22:45'),
(3, 'admin_user', '$2y$10$8bHMjHRkMs9T5Ddu/EvEk.XE3azn.1hhstUBi6c/JoDYGY2rdGhVa', 'Admin User', 'admin_user@example.com', 2, 'active', '2026-03-03 11:00:48'),
(4, 'ride_op', '$2y$10$cUnYQBosDFvM6rcpa339EOXun4EwHCMLRO4q7RbkRgIpy/giZhY2u', 'Ride Operator Shameer', 'ride_op@example.com', 6, 'active', '2026-03-03 11:00:48'),
(5, 'gate_op', '$2y$10$nT52NzHLjJMmVFEcAZFZa.Y9hUptwDHcZ4vWVFY9CL1prgASGWAWK', 'Gate Operator', 'gate_op@example.com', 5, 'active', '2026-03-03 11:00:48'),
(6, 'cashier', '$2y$10$4UzFZPfF8GZ0e1jsZRUbLexfQZvSxpbzDobyEQCj9l5CeWR49HNcu', 'Ahmad Nawaz', 'sa1231675@gmail.com', 4, 'active', '2026-03-03 11:22:26'),
(7, 'manager', '$2y$10$gz3cV8R1egbE3XVOvBpnR.hdfgmtwyYPyah7QZjPmMtorhGdXvfvW', 'Noor Dain', 'sa2431675@gmail.com', 3, 'active', '2026-03-03 11:23:21'),
(8, 'student', '$2y$10$GtSHhiasiRIhLMRKDBdiFe2QaPXE/A9513hQQ3Wduxunnx3j.OeSi', 'Ali Hamza', 'sa3231675@gmail.com', 7, 'active', '2026-03-03 11:25:28');

--
-- Indexes for dumped tables
--

--
-- Indexes for table `activity_logs`
--
ALTER TABLE `activity_logs`
  ADD PRIMARY KEY (`id`),
  ADD KEY `user_id` (`user_id`);

--
-- Indexes for table `admission_logs`
--
ALTER TABLE `admission_logs`
  ADD PRIMARY KEY (`id`),
  ADD KEY `ticket_id` (`ticket_id`),
  ADD KEY `operator_id` (`operator_id`);

--
-- Indexes for table `employees`
--
ALTER TABLE `employees`
  ADD PRIMARY KEY (`id`),
  ADD KEY `user_id` (`user_id`);

--
-- Indexes for table `employee_attendance_logs`
--
ALTER TABLE `employee_attendance_logs`
  ADD PRIMARY KEY (`id`),
  ADD KEY `shift_id` (`shift_id`),
  ADD KEY `employee_id` (`employee_id`);

--
-- Indexes for table `employee_shifts`
--
ALTER TABLE `employee_shifts`
  ADD PRIMARY KEY (`id`),
  ADD KEY `employee_id` (`employee_id`);

--
-- Indexes for table `events`
--
ALTER TABLE `events`
  ADD PRIMARY KEY (`id`);

--
-- Indexes for table `expenses`
--
ALTER TABLE `expenses`
  ADD PRIMARY KEY (`id`),
  ADD KEY `recorded_by` (`recorded_by`);

--
-- Indexes for table `passes`
--
ALTER TABLE `passes`
  ADD PRIMARY KEY (`id`),
  ADD UNIQUE KEY `pass_code` (`pass_code`),
  ADD KEY `booked_by` (`booked_by`);

--
-- Indexes for table `payments`
--
ALTER TABLE `payments`
  ADD PRIMARY KEY (`id`),
  ADD KEY `ticket_id` (`ticket_id`);

--
-- Indexes for table `permissions`
--
ALTER TABLE `permissions`
  ADD PRIMARY KEY (`id`),
  ADD UNIQUE KEY `slug` (`slug`);

--
-- Indexes for table `ride_tickets`
--
ALTER TABLE `ride_tickets`
  ADD PRIMARY KEY (`id`),
  ADD UNIQUE KEY `ticket_code` (`ticket_code`),
  ADD KEY `swing_id` (`swing_id`),
  ADD KEY `user_id` (`user_id`),
  ADD KEY `booked_by` (`booked_by`);

--
-- Indexes for table `ride_usage_logs`
--
ALTER TABLE `ride_usage_logs`
  ADD PRIMARY KEY (`id`),
  ADD KEY `ride_ticket_id` (`ride_ticket_id`),
  ADD KEY `operator_id` (`operator_id`);

--
-- Indexes for table `roles`
--
ALTER TABLE `roles`
  ADD PRIMARY KEY (`id`),
  ADD UNIQUE KEY `name` (`name`);

--
-- Indexes for table `role_permissions`
--
ALTER TABLE `role_permissions`
  ADD PRIMARY KEY (`role_id`,`permission_id`),
  ADD KEY `permission_id` (`permission_id`);

--
-- Indexes for table `swings`
--
ALTER TABLE `swings`
  ADD PRIMARY KEY (`id`);

--
-- Indexes for table `tickets`
--
ALTER TABLE `tickets`
  ADD PRIMARY KEY (`id`),
  ADD UNIQUE KEY `ticket_code` (`ticket_code`),
  ADD KEY `event_id` (`event_id`),
  ADD KEY `user_id` (`user_id`),
  ADD KEY `booked_by` (`booked_by`);

--
-- Indexes for table `users`
--
ALTER TABLE `users`
  ADD PRIMARY KEY (`id`),
  ADD UNIQUE KEY `username` (`username`),
  ADD UNIQUE KEY `email` (`email`),
  ADD KEY `role_id` (`role_id`);

--
-- AUTO_INCREMENT for dumped tables
--

--
-- AUTO_INCREMENT for table `activity_logs`
--
ALTER TABLE `activity_logs`
  MODIFY `id` int(11) NOT NULL AUTO_INCREMENT, AUTO_INCREMENT=2;

--
-- AUTO_INCREMENT for table `admission_logs`
--
ALTER TABLE `admission_logs`
  MODIFY `id` int(11) NOT NULL AUTO_INCREMENT, AUTO_INCREMENT=47;

--
-- AUTO_INCREMENT for table `employees`
--
ALTER TABLE `employees`
  MODIFY `id` int(11) NOT NULL AUTO_INCREMENT, AUTO_INCREMENT=21;

--
-- AUTO_INCREMENT for table `employee_attendance_logs`
--
ALTER TABLE `employee_attendance_logs`
  MODIFY `id` int(11) NOT NULL AUTO_INCREMENT, AUTO_INCREMENT=211;

--
-- AUTO_INCREMENT for table `employee_shifts`
--
ALTER TABLE `employee_shifts`
  MODIFY `id` int(11) NOT NULL AUTO_INCREMENT, AUTO_INCREMENT=122;

--
-- AUTO_INCREMENT for table `events`
--
ALTER TABLE `events`
  MODIFY `id` int(11) NOT NULL AUTO_INCREMENT, AUTO_INCREMENT=4;

--
-- AUTO_INCREMENT for table `expenses`
--
ALTER TABLE `expenses`
  MODIFY `id` int(11) NOT NULL AUTO_INCREMENT, AUTO_INCREMENT=2;

--
-- AUTO_INCREMENT for table `passes`
--
ALTER TABLE `passes`
  MODIFY `id` int(11) NOT NULL AUTO_INCREMENT, AUTO_INCREMENT=29;

--
-- AUTO_INCREMENT for table `payments`
--
ALTER TABLE `payments`
  MODIFY `id` int(11) NOT NULL AUTO_INCREMENT, AUTO_INCREMENT=111;

--
-- AUTO_INCREMENT for table `permissions`
--
ALTER TABLE `permissions`
  MODIFY `id` int(11) NOT NULL AUTO_INCREMENT, AUTO_INCREMENT=11;

--
-- AUTO_INCREMENT for table `ride_tickets`
--
ALTER TABLE `ride_tickets`
  MODIFY `id` int(11) NOT NULL AUTO_INCREMENT, AUTO_INCREMENT=40;

--
-- AUTO_INCREMENT for table `ride_usage_logs`
--
ALTER TABLE `ride_usage_logs`
  MODIFY `id` int(11) NOT NULL AUTO_INCREMENT, AUTO_INCREMENT=40;

--
-- AUTO_INCREMENT for table `roles`
--
ALTER TABLE `roles`
  MODIFY `id` int(11) NOT NULL AUTO_INCREMENT, AUTO_INCREMENT=9;

--
-- AUTO_INCREMENT for table `swings`
--
ALTER TABLE `swings`
  MODIFY `id` int(11) NOT NULL AUTO_INCREMENT, AUTO_INCREMENT=13;

--
-- AUTO_INCREMENT for table `tickets`
--
ALTER TABLE `tickets`
  MODIFY `id` int(11) NOT NULL AUTO_INCREMENT, AUTO_INCREMENT=47;

--
-- AUTO_INCREMENT for table `users`
--
ALTER TABLE `users`
  MODIFY `id` int(11) NOT NULL AUTO_INCREMENT, AUTO_INCREMENT=9;

--
-- Constraints for dumped tables
--

--
-- Constraints for table `activity_logs`
--
ALTER TABLE `activity_logs`
  ADD CONSTRAINT `activity_logs_ibfk_1` FOREIGN KEY (`user_id`) REFERENCES `users` (`id`);

--
-- Constraints for table `admission_logs`
--
ALTER TABLE `admission_logs`
  ADD CONSTRAINT `admission_logs_ibfk_1` FOREIGN KEY (`ticket_id`) REFERENCES `tickets` (`id`),
  ADD CONSTRAINT `admission_logs_ibfk_2` FOREIGN KEY (`operator_id`) REFERENCES `users` (`id`);

--
-- Constraints for table `employees`
--
ALTER TABLE `employees`
  ADD CONSTRAINT `employees_ibfk_1` FOREIGN KEY (`user_id`) REFERENCES `users` (`id`) ON DELETE SET NULL;

--
-- Constraints for table `employee_attendance_logs`
--
ALTER TABLE `employee_attendance_logs`
  ADD CONSTRAINT `employee_attendance_logs_ibfk_1` FOREIGN KEY (`shift_id`) REFERENCES `employee_shifts` (`id`) ON DELETE CASCADE,
  ADD CONSTRAINT `employee_attendance_logs_ibfk_2` FOREIGN KEY (`employee_id`) REFERENCES `employees` (`id`) ON DELETE CASCADE;

--
-- Constraints for table `employee_shifts`
--
ALTER TABLE `employee_shifts`
  ADD CONSTRAINT `employee_shifts_ibfk_1` FOREIGN KEY (`employee_id`) REFERENCES `employees` (`id`) ON DELETE CASCADE;

--
-- Constraints for table `expenses`
--
ALTER TABLE `expenses`
  ADD CONSTRAINT `expenses_ibfk_1` FOREIGN KEY (`recorded_by`) REFERENCES `users` (`id`);

--
-- Constraints for table `passes`
--
ALTER TABLE `passes`
  ADD CONSTRAINT `passes_ibfk_1` FOREIGN KEY (`booked_by`) REFERENCES `users` (`id`);

--
-- Constraints for table `payments`
--
ALTER TABLE `payments`
  ADD CONSTRAINT `payments_ibfk_1` FOREIGN KEY (`ticket_id`) REFERENCES `tickets` (`id`);

--
-- Constraints for table `ride_tickets`
--
ALTER TABLE `ride_tickets`
  ADD CONSTRAINT `ride_tickets_ibfk_1` FOREIGN KEY (`swing_id`) REFERENCES `swings` (`id`),
  ADD CONSTRAINT `ride_tickets_ibfk_2` FOREIGN KEY (`user_id`) REFERENCES `users` (`id`),
  ADD CONSTRAINT `ride_tickets_ibfk_3` FOREIGN KEY (`booked_by`) REFERENCES `users` (`id`);

--
-- Constraints for table `ride_usage_logs`
--
ALTER TABLE `ride_usage_logs`
  ADD CONSTRAINT `ride_usage_logs_ibfk_1` FOREIGN KEY (`ride_ticket_id`) REFERENCES `ride_tickets` (`id`),
  ADD CONSTRAINT `ride_usage_logs_ibfk_2` FOREIGN KEY (`operator_id`) REFERENCES `users` (`id`);

--
-- Constraints for table `role_permissions`
--
ALTER TABLE `role_permissions`
  ADD CONSTRAINT `role_permissions_ibfk_1` FOREIGN KEY (`role_id`) REFERENCES `roles` (`id`) ON DELETE CASCADE,
  ADD CONSTRAINT `role_permissions_ibfk_2` FOREIGN KEY (`permission_id`) REFERENCES `permissions` (`id`) ON DELETE CASCADE;

--
-- Constraints for table `tickets`
--
ALTER TABLE `tickets`
  ADD CONSTRAINT `tickets_ibfk_1` FOREIGN KEY (`event_id`) REFERENCES `events` (`id`),
  ADD CONSTRAINT `tickets_ibfk_2` FOREIGN KEY (`user_id`) REFERENCES `users` (`id`),
  ADD CONSTRAINT `tickets_ibfk_3` FOREIGN KEY (`booked_by`) REFERENCES `users` (`id`);

--
-- Constraints for table `users`
--
ALTER TABLE `users`
  ADD CONSTRAINT `users_ibfk_1` FOREIGN KEY (`role_id`) REFERENCES `roles` (`id`) ON DELETE SET NULL;
COMMIT;

/*!40101 SET CHARACTER_SET_CLIENT=@OLD_CHARACTER_SET_CLIENT */;
/*!40101 SET CHARACTER_SET_RESULTS=@OLD_CHARACTER_SET_RESULTS */;
/*!40101 SET COLLATION_CONNECTION=@OLD_COLLATION_CONNECTION */;
